time,time_utc,open,high,low,close,volume,complete
2025-08-20 02:00:00+01:00,2025-08-20 01:00:00+00:00,147.572,147.666,147.424,147.5,11652,True
2025-08-20 03:00:00+01:00,2025-08-20 02:00:00+00:00,147.502,147.623,147.474,147.581,9062,True
2025-08-20 04:00:00+01:00,2025-08-20 03:00:00+00:00,147.582,147.594,147.454,147.532,6741,True
2025-08-20 05:00:00+01:00,2025-08-20 04:00:00+00:00,147.532,147.614,147.457,147.582,4520,True
2025-08-20 06:00:00+01:00,2025-08-20 05:00:00+00:00,147.581,147.581,147.404,147.464,5964,True
2025-08-20 07:00:00+01:00,2025-08-20 06:00:00+00:00,147.464,147.477,147.144,147.381,12598,True
2025-08-20 08:00:00+01:00,2025-08-20 07:00:00+00:00,147.382,147.696,147.328,147.626,12972,True
2025-08-20 09:00:00+01:00,2025-08-20 08:00:00+00:00,147.627,147.647,147.526,147.588,9356,True
2025-08-20 10:00:00+01:00,2025-08-20 09:00:00+00:00,147.588,147.592,147.424,147.48,5781,True
2025-08-20 11:00:00+01:00,2025-08-20 10:00:00+00:00,147.48,147.495,147.368,147.452,5100,True
2025-08-20 12:00:00+01:00,2025-08-20 11:00:00+00:00,147.451,147.55,147.416,147.54,5203,True
2025-08-20 13:00:00+01:00,2025-08-20 12:00:00+00:00,147.539,147.54,147.242,147.276,13578,True
2025-08-20 14:00:00+01:00,2025-08-20 13:00:00+00:00,147.276,147.44,147.084,147.156,14774,True
2025-08-20 15:00:00+01:00,2025-08-20 14:00:00+00:00,147.158,147.254,146.872,146.998,20411,True
2025-08-20 16:00:00+01:00,2025-08-20 15:00:00+00:00,146.998,147.212,146.95,147.196,11770,True
2025-08-20 17:00:00+01:00,2025-08-20 16:00:00+00:00,147.196,147.233,147.098,147.117,7091,True
2025-08-20 18:00:00+01:00,2025-08-20 17:00:00+00:00,147.115,147.142,147.01,147.026,6310,True
2025-08-20 19:00:00+01:00,2025-08-20 18:00:00+00:00,147.02,147.287,147.012,147.272,6649,True
2025-08-20 20:00:00+01:00,2025-08-20 19:00:00+00:00,147.272,147.36,147.24,147.344,4807,True
2025-08-20 21:00:00+01:00,2025-08-20 20:00:00+00:00,147.345,147.494,147.298,147.312,3049,True
2025-08-20 22:00:00+01:00,2025-08-20 21:00:00+00:00,147.349,147.354,147.302,147.315,767,True
2025-08-20 23:00:00+01:00,2025-08-20 22:00:00+00:00,147.318,147.372,147.256,147.345,1989,True
2025-08-21 00:00:00+01:00,2025-08-20 23:00:00+00:00,147.343,147.413,147.298,147.304,4289,True
2025-08-21 01:00:00+01:00,2025-08-21 00:00:00+00:00,147.306,147.464,147.256,147.389,12472,True
2025-08-21 02:00:00+01:00,2025-08-21 01:00:00+00:00,147.388,147.51,147.314,147.43,10020,True
2025-08-21 03:00:00+01:00,2025-08-21 02:00:00+00:00,147.426,147.457,147.256,147.346,6596,True
2025-08-21 04:00:00+01:00,2025-08-21 03:00:00+00:00,147.346,147.448,147.291,147.42,4964,True
2025-08-21 05:00:00+01:00,2025-08-21 04:00:00+00:00,147.42,147.428,147.346,147.386,3640,True
2025-08-21 06:00:00+01:00,2025-08-21 05:00:00+00:00,147.385,147.502,147.37,147.428,5899,True
2025-08-21 07:00:00+01:00,2025-08-21 06:00:00+00:00,147.427,147.581,147.344,147.566,10595,True
2025-08-21 08:00:00+01:00,2025-08-21 07:00:00+00:00,147.566,147.642,147.512,147.598,11539,True
2025-08-21 09:00:00+01:00,2025-08-21 08:00:00+00:00,147.598,147.628,147.556,147.588,9266,True
2025-08-21 10:00:00+01:00,2025-08-21 09:00:00+00:00,147.588,147.698,147.48,147.67,7845,True
2025-08-21 11:00:00+01:00,2025-08-21 10:00:00+00:00,147.67,147.894,147.659,147.85,7339,True
2025-08-21 12:00:00+01:00,2025-08-21 11:00:00+00:00,147.846,147.936,147.82,147.926,8428,True
2025-08-21 13:00:00+01:00,2025-08-21 12:00:00+00:00,147.926,147.932,147.582,147.754,14856,True
2025-08-21 14:00:00+01:00,2025-08-21 13:00:00+00:00,147.756,147.94,147.584,147.804,20737,True
2025-08-21 15:00:00+01:00,2025-08-21 14:00:00+00:00,147.806,148.17,147.8,148.158,20353,True
2025-08-21 16:00:00+01:00,2025-08-21 15:00:00+00:00,148.159,148.404,148.078,148.358,18699,True
2025-08-21 17:00:00+01:00,2025-08-21 16:00:00+00:00,148.358,148.396,148.279,148.288,8661,True
2025-08-21 18:00:00+01:00,2025-08-21 17:00:00+00:00,148.288,148.306,148.17,148.273,6121,True
2025-08-21 19:00:00+01:00,2025-08-21 18:00:00+00:00,148.274,148.35,148.23,148.348,5648,True
2025-08-21 20:00:00+01:00,2025-08-21 19:00:00+00:00,148.349,148.408,148.345,148.38,3686,True
2025-08-21 21:00:00+01:00,2025-08-21 20:00:00+00:00,148.38,148.39,148.32,148.389,2310,True
2025-08-21 22:00:00+01:00,2025-08-21 21:00:00+00:00,148.337,148.389,148.295,148.364,543,True
2025-08-21 23:00:00+01:00,2025-08-21 22:00:00+00:00,148.366,148.382,148.318,148.338,1482,True
2025-08-22 00:00:00+01:00,2025-08-21 23:00:00+00:00,148.338,148.456,148.294,148.386,4382,True
2025-08-22 01:00:00+01:00,2025-08-22 00:00:00+00:00,148.387,148.504,148.283,148.476,11449,True
2025-08-22 02:00:00+01:00,2025-08-22 01:00:00+00:00,148.477,148.685,148.412,148.552,9733,True
2025-08-22 03:00:00+01:00,2025-08-22 02:00:00+00:00,148.553,148.561,148.457,148.488,5907,True
2025-08-22 04:00:00+01:00,2025-08-22 03:00:00+00:00,148.488,148.72,148.484,148.677,6396,True
2025-08-22 05:00:00+01:00,2025-08-22 04:00:00+00:00,148.676,148.766,148.644,148.746,5881,True
2025-08-22 06:00:00+01:00,2025-08-22 05:00:00+00:00,148.746,148.778,148.6,148.674,7657,True
2025-08-22 07:00:00+01:00,2025-08-22 06:00:00+00:00,148.676,148.71,148.424,148.519,8951,True
2025-08-22 08:00:00+01:00,2025-08-22 07:00:00+00:00,148.518,148.626,148.412,148.606,9038,True
2025-08-22 09:00:00+01:00,2025-08-22 08:00:00+00:00,148.608,148.676,148.546,148.639,8434,True
2025-08-22 10:00:00+01:00,2025-08-22 09:00:00+00:00,148.64,148.714,148.602,148.708,7366,True
2025-08-22 11:00:00+01:00,2025-08-22 10:00:00+00:00,148.709,148.736,148.622,148.634,5457,True
2025-08-22 12:00:00+01:00,2025-08-22 11:00:00+00:00,148.634,148.74,148.598,148.709,8785,True
2025-08-22 13:00:00+01:00,2025-08-22 12:00:00+00:00,148.708,148.724,148.604,148.706,12114,True
2025-08-22 14:00:00+01:00,2025-08-22 13:00:00+00:00,148.704,148.721,148.495,148.61,13451,True
2025-08-22 15:00:00+01:00,2025-08-22 14:00:00+00:00,148.608,148.608,146.802,146.854,56236,True
2025-08-22 16:00:00+01:00,2025-08-22 15:00:00+00:00,146.854,146.896,146.572,146.829,22576,True
2025-08-22 17:00:00+01:00,2025-08-22 16:00:00+00:00,146.83,146.852,146.652,146.708,13237,True
2025-08-22 18:00:00+01:00,2025-08-22 17:00:00+00:00,146.708,146.739,146.576,146.646,10471,True
2025-08-22 19:00:00+01:00,2025-08-22 18:00:00+00:00,146.646,146.876,146.605,146.866,7988,True
2025-08-22 20:00:00+01:00,2025-08-22 19:00:00+00:00,146.867,147.002,146.846,146.964,5138,True
2025-08-22 21:00:00+01:00,2025-08-22 20:00:00+00:00,146.962,146.989,146.885,146.926,4054,True
2025-08-24 22:00:00+01:00,2025-08-24 21:00:00+00:00,146.887,146.935,146.802,146.906,648,True
2025-08-24 23:00:00+01:00,2025-08-24 22:00:00+00:00,146.887,147.068,146.832,147.065,3102,True
2025-08-25 00:00:00+01:00,2025-08-24 23:00:00+00:00,147.064,147.305,147.047,147.27,4920,True
2025-08-25 01:00:00+01:00,2025-08-25 00:00:00+00:00,147.268,147.526,147.25,147.389,12097,True
2025-08-25 02:00:00+01:00,2025-08-25 01:00:00+00:00,147.39,147.464,147.254,147.399,9227,True
2025-08-25 03:00:00+01:00,2025-08-25 02:00:00+00:00,147.398,147.518,147.394,147.44,5910,True
2025-08-25 04:00:00+01:00,2025-08-25 03:00:00+00:00,147.438,147.438,147.304,147.342,4656,True
2025-08-25 05:00:00+01:00,2025-08-25 04:00:00+00:00,147.342,147.358,147.208,147.234,4202,True
2025-08-25 06:00:00+01:00,2025-08-25 05:00:00+00:00,147.235,147.376,147.233,147.3,4755,True
2025-08-25 07:00:00+01:00,2025-08-25 06:00:00+00:00,147.298,147.32,147.096,147.168,8850,True
2025-08-25 08:00:00+01:00,2025-08-25 07:00:00+00:00,147.166,147.37,147.139,147.34,7638,True
2025-08-25 09:00:00+01:00,2025-08-25 08:00:00+00:00,147.34,147.37,147.256,147.287,6391,True
2025-08-25 10:00:00+01:00,2025-08-25 09:00:00+00:00,147.289,147.385,147.222,147.349,5166,True
2025-08-25 11:00:00+01:00,2025-08-25 10:00:00+00:00,147.348,147.45,147.324,147.44,5940,True
2025-08-25 12:00:00+01:00,2025-08-25 11:00:00+00:00,147.442,147.448,147.288,147.322,6377,True
2025-08-25 13:00:00+01:00,2025-08-25 12:00:00+00:00,147.32,147.452,147.313,147.382,7709,True
2025-08-25 14:00:00+01:00,2025-08-25 13:00:00+00:00,147.382,147.547,147.311,147.314,11376,True
2025-08-25 15:00:00+01:00,2025-08-25 14:00:00+00:00,147.314,147.498,147.292,147.49,12046,True
2025-08-25 16:00:00+01:00,2025-08-25 15:00:00+00:00,147.488,147.674,147.4,147.612,12612,True
2025-08-25 17:00:00+01:00,2025-08-25 16:00:00+00:00,147.613,147.632,147.517,147.538,9865,True
2025-08-25 18:00:00+01:00,2025-08-25 17:00:00+00:00,147.538,147.598,147.502,147.564,8597,True
2025-08-25 19:00:00+01:00,2025-08-25 18:00:00+00:00,147.564,147.826,147.536,147.808,9346,True
2025-08-25 20:00:00+01:00,2025-08-25 19:00:00+00:00,147.808,147.942,147.79,147.824,9334,True
2025-08-25 21:00:00+01:00,2025-08-25 20:00:00+00:00,147.823,147.826,147.664,147.753,4741,True
2025-08-25 22:00:00+01:00,2025-08-25 21:00:00+00:00,147.752,147.834,147.71,147.714,1433,True
2025-08-25 23:00:00+01:00,2025-08-25 22:00:00+00:00,147.71,147.796,147.692,147.734,1895,True
2025-08-26 00:00:00+01:00,2025-08-25 23:00:00+00:00,147.732,147.856,147.696,147.817,3261,True
2025-08-26 01:00:00+01:00,2025-08-26 00:00:00+00:00,147.815,147.88,146.988,147.112,37399,True
2025-08-26 02:00:00+01:00,2025-08-26 01:00:00+00:00,147.112,147.379,147.11,147.319,11971,True
2025-08-26 03:00:00+01:00,2025-08-26 02:00:00+00:00,147.318,147.608,147.256,147.523,10697,True
2025-08-26 04:00:00+01:00,2025-08-26 03:00:00+00:00,147.522,147.808,147.52,147.797,9211,True
2025-08-26 05:00:00+01:00,2025-08-26 04:00:00+00:00,147.796,147.814,147.722,147.769,7162,True
2025-08-26 06:00:00+01:00,2025-08-26 05:00:00+00:00,147.77,147.89,147.67,147.714,8595,True
2025-08-26 07:00:00+01:00,2025-08-26 06:00:00+00:00,147.716,147.831,147.637,147.777,13385,True
2025-08-26 08:00:00+01:00,2025-08-26 07:00:00+00:00,147.776,147.91,147.639,147.696,18046,True
2025-08-26 09:00:00+01:00,2025-08-26 08:00:00+00:00,147.696,147.701,147.494,147.574,13268,True
2025-08-26 10:00:00+01:00,2025-08-26 09:00:00+00:00,147.574,147.624,147.49,147.55,10402,True
2025-08-26 11:00:00+01:00,2025-08-26 10:00:00+00:00,147.55,147.67,147.473,147.588,9332,True
2025-08-26 12:00:00+01:00,2025-08-26 11:00:00+00:00,147.588,147.624,147.399,147.466,10366,True
2025-08-26 13:00:00+01:00,2025-08-26 12:00:00+00:00,147.466,147.55,147.328,147.544,13196,True
2025-08-26 14:00:00+01:00,2025-08-26 13:00:00+00:00,147.544,147.686,147.536,147.552,14991,True
2025-08-26 15:00:00+01:00,2025-08-26 14:00:00+00:00,147.552,147.722,147.488,147.502,17312,True
2025-08-26 16:00:00+01:00,2025-08-26 15:00:00+00:00,147.502,147.503,147.295,147.319,13099,True
2025-08-26 17:00:00+01:00,2025-08-26 16:00:00+00:00,147.317,147.317,147.1,147.306,9729,True
2025-08-26 18:00:00+01:00,2025-08-26 17:00:00+00:00,147.306,147.392,147.274,147.392,8104,True
2025-08-26 19:00:00+01:00,2025-08-26 18:00:00+00:00,147.392,147.545,147.336,147.381,8935,True
2025-08-26 20:00:00+01:00,2025-08-26 19:00:00+00:00,147.38,147.444,147.305,147.434,7391,True
2025-08-26 21:00:00+01:00,2025-08-26 20:00:00+00:00,147.435,147.49,147.402,147.43,5034,True
2025-08-26 22:00:00+01:00,2025-08-26 21:00:00+00:00,147.387,147.41,147.31,147.406,586,True
2025-08-26 23:00:00+01:00,2025-08-26 22:00:00+00:00,147.402,147.484,147.363,147.436,1814,True
2025-08-27 00:00:00+01:00,2025-08-26 23:00:00+00:00,147.438,147.509,147.361,147.474,3588,True
2025-08-27 01:00:00+01:00,2025-08-27 00:00:00+00:00,147.478,147.584,147.406,147.584,9907,True
2025-08-27 02:00:00+01:00,2025-08-27 01:00:00+00:00,147.584,147.652,147.514,147.604,9805,True
2025-08-27 03:00:00+01:00,2025-08-27 02:00:00+00:00,147.603,147.738,147.602,147.722,6648,True
2025-08-27 04:00:00+01:00,2025-08-27 03:00:00+00:00,147.722,147.852,147.714,147.834,5769,True
2025-08-27 05:00:00+01:00,2025-08-27 04:00:00+00:00,147.832,147.96,147.83,147.944,6289,True
2025-08-27 06:00:00+01:00,2025-08-27 05:00:00+00:00,147.944,147.972,147.806,147.816,7637,True
2025-08-27 07:00:00+01:00,2025-08-27 06:00:00+00:00,147.816,147.842,147.656,147.715,8105,True
2025-08-27 08:00:00+01:00,2025-08-27 07:00:00+00:00,147.714,147.898,147.714,147.758,10614,True
2025-08-27 09:00:00+01:00,2025-08-27 08:00:00+00:00,147.758,148.006,147.744,147.916,10564,True
2025-08-27 10:00:00+01:00,2025-08-27 09:00:00+00:00,147.917,148.036,147.864,148.036,7963,True
2025-08-27 11:00:00+01:00,2025-08-27 10:00:00+00:00,148.036,148.146,147.965,148.12,8261,True
2025-08-27 12:00:00+01:00,2025-08-27 11:00:00+00:00,148.121,148.184,148.032,148.142,8762,True
2025-08-27 13:00:00+01:00,2025-08-27 12:00:00+00:00,148.142,148.148,147.984,148.07,12449,True
2025-08-27 14:00:00+01:00,2025-08-27 13:00:00+00:00,148.069,148.128,147.918,148.084,15375,True
2025-08-27 15:00:00+01:00,2025-08-27 14:00:00+00:00,148.086,148.094,147.82,147.865,14821,True
2025-08-27 16:00:00+01:00,2025-08-27 15:00:00+00:00,147.866,147.866,147.692,147.748,13265,True
2025-08-27 17:00:00+01:00,2025-08-27 16:00:00+00:00,147.748,147.755,147.342,147.362,11341,True
2025-08-27 18:00:00+01:00,2025-08-27 17:00:00+00:00,147.36,147.43,147.293,147.358,9663,True
2025-08-27 19:00:00+01:00,2025-08-27 18:00:00+00:00,147.358,147.491,147.357,147.41,7165,True
2025-08-27 20:00:00+01:00,2025-08-27 19:00:00+00:00,147.411,147.518,147.411,147.478,6730,True
2025-08-27 21:00:00+01:00,2025-08-27 20:00:00+00:00,147.477,147.52,147.401,147.416,7062,True
2025-08-27 22:00:00+01:00,2025-08-27 21:00:00+00:00,147.414,147.474,147.285,147.407,1023,True
2025-08-27 23:00:00+01:00,2025-08-27 22:00:00+00:00,147.405,147.42,147.206,147.29,3128,True
2025-08-28 00:00:00+01:00,2025-08-27 23:00:00+00:00,147.288,147.344,147.225,147.34,5004,True
2025-08-28 01:00:00+01:00,2025-08-28 00:00:00+00:00,147.34,147.49,147.28,147.296,10246,True
2025-08-28 02:00:00+01:00,2025-08-28 01:00:00+00:00,147.297,147.449,147.194,147.344,10257,True
2025-08-28 03:00:00+01:00,2025-08-28 02:00:00+00:00,147.342,147.369,147.234,147.244,7993,True
2025-08-28 04:00:00+01:00,2025-08-28 03:00:00+00:00,147.242,147.292,147.08,147.098,6080,True
2025-08-28 05:00:00+01:00,2025-08-28 04:00:00+00:00,147.097,147.209,147.084,147.162,5921,True
2025-08-28 06:00:00+01:00,2025-08-28 05:00:00+00:00,147.167,147.208,147.078,147.124,6365,True
2025-08-28 07:00:00+01:00,2025-08-28 06:00:00+00:00,147.126,147.35,147.0,147.306,11884,True
2025-08-28 08:00:00+01:00,2025-08-28 07:00:00+00:00,147.306,147.406,147.155,147.168,13548,True
2025-08-28 09:00:00+01:00,2025-08-28 08:00:00+00:00,147.17,147.371,147.13,147.189,11574,True
2025-08-28 10:00:00+01:00,2025-08-28 09:00:00+00:00,147.188,147.188,147.067,147.14,9061,True
2025-08-28 11:00:00+01:00,2025-08-28 10:00:00+00:00,147.142,147.169,146.908,146.932,10596,True
2025-08-28 12:00:00+01:00,2025-08-28 11:00:00+00:00,146.934,146.969,146.808,146.93,10036,True
2025-08-28 13:00:00+01:00,2025-08-28 12:00:00+00:00,146.928,147.172,146.857,147.104,20357,True
2025-08-28 14:00:00+01:00,2025-08-28 13:00:00+00:00,147.102,147.234,147.024,147.092,20268,True
2025-08-28 15:00:00+01:00,2025-08-28 14:00:00+00:00,147.093,147.119,146.876,146.977,16793,True
2025-08-28 16:00:00+01:00,2025-08-28 15:00:00+00:00,146.976,147.071,146.95,146.993,12144,True
2025-08-28 17:00:00+01:00,2025-08-28 16:00:00+00:00,146.994,146.998,146.832,146.848,8428,True
2025-08-28 18:00:00+01:00,2025-08-28 17:00:00+00:00,146.848,146.854,146.66,146.81,8761,True
2025-08-28 19:00:00+01:00,2025-08-28 18:00:00+00:00,146.81,146.89,146.802,146.822,5465,True
2025-08-28 20:00:00+01:00,2025-08-28 19:00:00+00:00,146.822,146.936,146.808,146.921,5323,True
2025-08-28 21:00:00+01:00,2025-08-28 20:00:00+00:00,146.922,146.998,146.92,146.944,3221,True
2025-08-28 22:00:00+01:00,2025-08-28 21:00:00+00:00,146.9,146.973,146.862,146.956,693,True
2025-08-28 23:00:00+01:00,2025-08-28 22:00:00+00:00,146.962,147.084,146.926,147.034,3755,True
2025-08-29 00:00:00+01:00,2025-08-28 23:00:00+00:00,147.034,147.034,146.797,146.832,4942,True
2025-08-29 01:00:00+01:00,2025-08-29 00:00:00+00:00,146.832,146.979,146.764,146.826,12492,True
2025-08-29 02:00:00+01:00,2025-08-29 01:00:00+00:00,146.826,147.112,146.786,147.004,12559,True
2025-08-29 03:00:00+01:00,2025-08-29 02:00:00+00:00,147.004,147.004,146.826,146.892,7762,True
2025-08-29 04:00:00+01:00,2025-08-29 03:00:00+00:00,146.892,146.995,146.892,146.989,6906,True
2025-08-29 05:00:00+01:00,2025-08-29 04:00:00+00:00,146.99,147.04,146.902,146.906,7153,True
2025-08-29 06:00:00+01:00,2025-08-29 05:00:00+00:00,146.905,147.027,146.904,147.016,6285,True
2025-08-29 07:00:00+01:00,2025-08-29 06:00:00+00:00,147.016,147.174,146.961,147.159,8855,True
2025-08-29 08:00:00+01:00,2025-08-29 07:00:00+00:00,147.16,147.2,146.959,147.006,10366,True
2025-08-29 09:00:00+01:00,2025-08-29 08:00:00+00:00,147.01,147.032,146.868,146.954,9832,True
2025-08-29 10:00:00+01:00,2025-08-29 09:00:00+00:00,146.954,147.116,146.941,147.094,9304,True
2025-08-29 11:00:00+01:00,2025-08-29 10:00:00+00:00,147.094,147.25,147.075,147.2,8222,True
2025-08-29 12:00:00+01:00,2025-08-29 11:00:00+00:00,147.2,147.264,147.174,147.25,8012,True
2025-08-29 13:00:00+01:00,2025-08-29 12:00:00+00:00,147.251,147.41,147.133,147.321,14314,True
2025-08-29 14:00:00+01:00,2025-08-29 13:00:00+00:00,147.322,147.392,147.082,147.108,16362,True
2025-08-29 15:00:00+01:00,2025-08-29 14:00:00+00:00,147.104,147.104,146.808,146.826,21364,True
2025-08-29 16:00:00+01:00,2025-08-29 15:00:00+00:00,146.827,146.974,146.769,146.906,15658,True
2025-08-29 17:00:00+01:00,2025-08-29 16:00:00+00:00,146.906,146.964,146.853,146.915,9848,True
2025-08-29 18:00:00+01:00,2025-08-29 17:00:00+00:00,146.914,147.007,146.882,146.982,6482,True
2025-08-29 19:00:00+01:00,2025-08-29 18:00:00+00:00,146.982,147.028,146.959,147.017,5658,True
2025-08-29 20:00:00+01:00,2025-08-29 19:00:00+00:00,147.016,147.047,146.922,146.962,5156,True
2025-08-29 21:00:00+01:00,2025-08-29 20:00:00+00:00,146.962,147.118,146.924,147.066,4410,True
2025-08-31 22:00:00+01:00,2025-08-31 21:00:00+00:00,147.017,147.053,146.995,147.02,265,True
2025-08-31 23:00:00+01:00,2025-08-31 22:00:00+00:00,147.028,147.158,147.022,147.134,2199,True
2025-09-01 00:00:00+01:00,2025-08-31 23:00:00+00:00,147.128,147.189,147.083,147.122,3804,True
2025-09-01 01:00:00+01:00,2025-09-01 00:00:00+00:00,147.123,147.262,147.12,147.234,8449,True
2025-09-01 02:00:00+01:00,2025-09-01 01:00:00+00:00,147.235,147.38,147.184,147.289,8660,True
2025-09-01 03:00:00+01:00,2025-09-01 02:00:00+00:00,147.29,147.294,146.854,146.896,8899,True
2025-09-01 04:00:00+01:00,2025-09-01 03:00:00+00:00,146.896,147.005,146.842,146.897,7636,True
2025-09-01 05:00:00+01:00,2025-09-01 04:00:00+00:00,146.896,147.063,146.884,147.046,6270,True
2025-09-01 06:00:00+01:00,2025-09-01 05:00:00+00:00,147.044,147.064,146.897,146.916,5761,True
2025-09-01 07:00:00+01:00,2025-09-01 06:00:00+00:00,146.916,146.946,146.788,146.937,10043,True
2025-09-01 08:00:00+01:00,2025-09-01 07:00:00+00:00,146.938,147.204,146.9,147.072,11718,True
2025-09-01 09:00:00+01:00,2025-09-01 08:00:00+00:00,147.076,147.202,146.962,146.99,10752,True
2025-09-01 10:00:00+01:00,2025-09-01 09:00:00+00:00,146.99,147.12,146.94,147.104,8991,True
2025-09-01 11:00:00+01:00,2025-09-01 10:00:00+00:00,147.104,147.146,147.05,147.132,6548,True
2025-09-01 12:00:00+01:00,2025-09-01 11:00:00+00:00,147.132,147.17,147.062,147.159,7559,True
2025-09-01 13:00:00+01:00,2025-09-01 12:00:00+00:00,147.16,147.234,147.151,147.2,7815,True
2025-09-01 14:00:00+01:00,2025-09-01 13:00:00+00:00,147.196,147.276,147.168,147.254,8992,True
2025-09-01 15:00:00+01:00,2025-09-01 14:00:00+00:00,147.254,147.298,147.224,147.293,8794,True
2025-09-01 16:00:00+01:00,2025-09-01 15:00:00+00:00,147.292,147.309,147.256,147.273,6149,True
2025-09-01 17:00:00+01:00,2025-09-01 16:00:00+00:00,147.272,147.287,147.202,147.238,3931,True
2025-09-01 18:00:00+01:00,2025-09-01 17:00:00+00:00,147.24,147.244,147.212,147.221,2911,True
2025-09-01 19:00:00+01:00,2025-09-01 18:00:00+00:00,147.222,147.234,147.212,147.222,2074,True
2025-09-01 20:00:00+01:00,2025-09-01 19:00:00+00:00,147.224,147.224,147.158,147.186,2427,True
2025-09-01 21:00:00+01:00,2025-09-01 20:00:00+00:00,147.188,147.193,147.146,147.18,2271,True
2025-09-01 22:00:00+01:00,2025-09-01 21:00:00+00:00,147.206,147.284,147.177,147.192,1181,True
2025-09-01 23:00:00+01:00,2025-09-01 22:00:00+00:00,147.194,147.204,147.124,147.172,1951,True
2025-09-02 00:00:00+01:00,2025-09-01 23:00:00+00:00,147.171,147.176,147.048,147.094,3700,True
2025-09-02 01:00:00+01:00,2025-09-02 00:00:00+00:00,147.093,147.36,147.09,147.306,11944,True
2025-09-02 02:00:00+01:00,2025-09-02 01:00:00+00:00,147.305,147.587,147.194,147.544,13846,True
2025-09-02 03:00:00+01:00,2025-09-02 02:00:00+00:00,147.544,147.72,147.53,147.666,10379,True
2025-09-02 04:00:00+01:00,2025-09-02 03:00:00+00:00,147.666,147.754,147.573,147.704,6732,True
2025-09-02 05:00:00+01:00,2025-09-02 04:00:00+00:00,147.704,147.864,147.686,147.726,7470,True
2025-09-02 06:00:00+01:00,2025-09-02 05:00:00+00:00,147.726,147.926,147.7,147.919,9598,True
2025-09-02 07:00:00+01:00,2025-09-02 06:00:00+00:00,147.917,148.053,147.908,147.964,11198,True
2025-09-02 08:00:00+01:00,2025-09-02 07:00:00+00:00,147.964,148.742,147.952,148.651,26309,True
2025-09-02 09:00:00+01:00,2025-09-02 08:00:00+00:00,148.649,148.796,148.221,148.44,22184,True
2025-09-02 10:00:00+01:00,2025-09-02 09:00:00+00:00,148.439,148.647,148.372,148.564,16832,True
2025-09-02 11:00:00+01:00,2025-09-02 10:00:00+00:00,148.564,148.709,148.536,148.603,14775,True
2025-09-02 12:00:00+01:00,2025-09-02 11:00:00+00:00,148.604,148.744,148.513,148.622,14808,True
2025-09-02 13:00:00+01:00,2025-09-02 12:00:00+00:00,148.62,148.945,148.534,148.824,22652,True
2025-09-02 14:00:00+01:00,2025-09-02 13:00:00+00:00,148.824,148.848,148.35,148.418,22425,True
2025-09-02 15:00:00+01:00,2025-09-02 14:00:00+00:00,148.398,148.4,147.94,148.084,28522,True
2025-09-02 16:00:00+01:00,2025-09-02 15:00:00+00:00,148.084,148.338,148.074,148.234,18316,True
2025-09-02 17:00:00+01:00,2025-09-02 16:00:00+00:00,148.234,148.336,148.202,148.298,10202,True
2025-09-02 18:00:00+01:00,2025-09-02 17:00:00+00:00,148.298,148.422,148.247,148.381,8276,True
2025-09-02 19:00:00+01:00,2025-09-02 18:00:00+00:00,148.382,148.535,148.368,148.476,8996,True
2025-09-02 20:00:00+01:00,2025-09-02 19:00:00+00:00,148.476,148.485,148.321,148.36,6490,True
2025-09-02 21:00:00+01:00,2025-09-02 20:00:00+00:00,148.358,148.413,148.318,148.338,4702,True
2025-09-02 22:00:00+01:00,2025-09-02 21:00:00+00:00,148.336,148.37,148.329,148.358,466,True
2025-09-02 23:00:00+01:00,2025-09-02 22:00:00+00:00,148.356,148.562,148.316,148.504,2424,True
2025-09-03 00:00:00+01:00,2025-09-02 23:00:00+00:00,148.502,148.592,148.45,148.584,3931,True
2025-09-03 01:00:00+01:00,2025-09-03 00:00:00+00:00,148.583,148.768,148.511,148.758,9844,True
2025-09-03 02:00:00+01:00,2025-09-03 01:00:00+00:00,148.758,148.902,148.724,148.868,8009,True
2025-09-03 03:00:00+01:00,2025-09-03 02:00:00+00:00,148.867,148.905,148.711,148.844,7322,True
2025-09-03 04:00:00+01:00,2025-09-03 03:00:00+00:00,148.845,148.92,148.811,148.914,4472,True
2025-09-03 05:00:00+01:00,2025-09-03 04:00:00+00:00,148.914,148.926,148.554,148.59,7580,True
2025-09-03 06:00:00+01:00,2025-09-03 05:00:00+00:00,148.591,148.66,148.49,148.606,6815,True
2025-09-03 07:00:00+01:00,2025-09-03 06:00:00+00:00,148.606,148.682,148.512,148.616,11437,True
2025-09-03 08:00:00+01:00,2025-09-03 07:00:00+00:00,148.616,149.138,148.614,148.737,17420,True
2025-09-03 09:00:00+01:00,2025-09-03 08:00:00+00:00,148.738,148.774,148.565,148.588,14785,True
2025-09-03 10:00:00+01:00,2025-09-03 09:00:00+00:00,148.588,148.711,148.434,148.558,11896,True
2025-09-03 11:00:00+01:00,2025-09-03 10:00:00+00:00,148.558,148.737,148.479,148.695,8670,True
2025-09-03 12:00:00+01:00,2025-09-03 11:00:00+00:00,148.694,148.726,148.596,148.616,12278,True
2025-09-03 13:00:00+01:00,2025-09-03 12:00:00+00:00,148.617,148.8,148.548,148.73,15045,True
2025-09-03 14:00:00+01:00,2025-09-03 13:00:00+00:00,148.729,148.796,148.576,148.642,20701,True
2025-09-03 15:00:00+01:00,2025-09-03 14:00:00+00:00,148.642,148.658,148.076,148.172,27999,True
2025-09-03 16:00:00+01:00,2025-09-03 15:00:00+00:00,148.172,148.202,147.932,147.968,15099,True
2025-09-03 17:00:00+01:00,2025-09-03 16:00:00+00:00,147.969,148.033,147.908,147.942,9588,True
2025-09-03 18:00:00+01:00,2025-09-03 17:00:00+00:00,147.939,148.058,147.882,148.04,8282,True
2025-09-03 19:00:00+01:00,2025-09-03 18:00:00+00:00,148.04,148.072,147.92,147.971,8832,True
2025-09-03 20:00:00+01:00,2025-09-03 19:00:00+00:00,147.972,148.136,147.964,148.136,5748,True
2025-09-03 21:00:00+01:00,2025-09-03 20:00:00+00:00,148.137,148.162,148.084,148.109,4165,True
2025-09-03 22:00:00+01:00,2025-09-03 21:00:00+00:00,148.07,148.11,148.062,148.066,476,True
2025-09-03 23:00:00+01:00,2025-09-03 22:00:00+00:00,148.064,148.15,148.036,148.058,1810,True
2025-09-04 00:00:00+01:00,2025-09-03 23:00:00+00:00,148.06,148.066,147.951,147.978,3876,True
2025-09-04 01:00:00+01:00,2025-09-04 00:00:00+00:00,147.975,148.17,147.906,148.031,14570,True
2025-09-04 02:00:00+01:00,2025-09-04 01:00:00+00:00,148.03,148.112,147.792,148.014,12985,True
2025-09-04 03:00:00+01:00,2025-09-04 02:00:00+00:00,148.013,148.192,148.013,148.136,10075,True
2025-09-04 04:00:00+01:00,2025-09-04 03:00:00+00:00,148.136,148.266,148.119,148.244,7711,True
2025-09-04 05:00:00+01:00,2025-09-04 04:00:00+00:00,148.245,148.286,148.13,148.243,6631,True
2025-09-04 06:00:00+01:00,2025-09-04 05:00:00+00:00,148.242,148.284,148.162,148.228,7450,True
2025-09-04 07:00:00+01:00,2025-09-04 06:00:00+00:00,148.229,148.249,148.133,148.198,10686,True
2025-09-04 08:00:00+01:00,2025-09-04 07:00:00+00:00,148.196,148.416,148.112,148.366,13706,True
2025-09-04 09:00:00+01:00,2025-09-04 08:00:00+00:00,148.368,148.408,148.138,148.217,10527,True
2025-09-04 10:00:00+01:00,2025-09-04 09:00:00+00:00,148.216,148.376,148.17,148.322,8634,True
2025-09-04 11:00:00+01:00,2025-09-04 10:00:00+00:00,148.322,148.339,148.204,148.264,8515,True
2025-09-04 12:00:00+01:00,2025-09-04 11:00:00+00:00,148.264,148.394,148.253,148.345,9100,True
2025-09-04 13:00:00+01:00,2025-09-04 12:00:00+00:00,148.346,148.532,148.022,148.429,21693,True
2025-09-04 14:00:00+01:00,2025-09-04 13:00:00+00:00,148.431,148.53,148.353,148.426,16960,True
2025-09-04 15:00:00+01:00,2025-09-04 14:00:00+00:00,148.452,148.752,148.386,148.741,21879,True
2025-09-04 16:00:00+01:00,2025-09-04 15:00:00+00:00,148.74,148.779,148.628,148.632,11515,True
2025-09-04 17:00:00+01:00,2025-09-04 16:00:00+00:00,148.632,148.744,148.598,148.623,8636,True
2025-09-04 18:00:00+01:00,2025-09-04 17:00:00+00:00,148.622,148.674,148.608,148.646,6122,True
2025-09-04 19:00:00+01:00,2025-09-04 18:00:00+00:00,148.646,148.652,148.54,148.566,6011,True
2025-09-04 20:00:00+01:00,2025-09-04 19:00:00+00:00,148.566,148.568,148.455,148.487,4935,True
2025-09-04 21:00:00+01:00,2025-09-04 20:00:00+00:00,148.488,148.555,148.442,148.464,4390,True
2025-09-04 22:00:00+01:00,2025-09-04 21:00:00+00:00,148.512,148.536,148.384,148.425,752,True
2025-09-04 23:00:00+01:00,2025-09-04 22:00:00+00:00,148.424,148.517,148.416,148.482,1888,True
2025-09-05 00:00:00+01:00,2025-09-04 23:00:00+00:00,148.48,148.509,148.33,148.424,5004,True
2025-09-05 01:00:00+01:00,2025-09-05 00:00:00+00:00,148.423,148.44,148.13,148.174,11800,True
2025-09-05 02:00:00+01:00,2025-09-05 01:00:00+00:00,148.174,148.268,148.091,148.146,9767,True
2025-09-05 03:00:00+01:00,2025-09-05 02:00:00+00:00,148.143,148.182,148.081,148.181,5732,True
2025-09-05 04:00:00+01:00,2025-09-05 03:00:00+00:00,148.18,148.207,148.114,148.176,4652,True
2025-09-05 05:00:00+01:00,2025-09-05 04:00:00+00:00,148.176,148.24,148.168,148.219,4292,True
2025-09-05 06:00:00+01:00,2025-09-05 05:00:00+00:00,148.22,148.22,148.172,148.173,4610,True
2025-09-05 07:00:00+01:00,2025-09-05 06:00:00+00:00,148.173,148.276,148.148,148.238,9260,True
2025-09-05 08:00:00+01:00,2025-09-05 07:00:00+00:00,148.238,148.259,148.192,148.214,8838,True
2025-09-05 09:00:00+01:00,2025-09-05 08:00:00+00:00,148.215,148.226,148.116,148.162,6808,True
2025-09-05 10:00:00+01:00,2025-09-05 09:00:00+00:00,148.161,148.19,148.086,148.174,6771,True
2025-09-05 11:00:00+01:00,2025-09-05 10:00:00+00:00,148.174,148.186,148.08,148.148,6348,True
2025-09-05 12:00:00+01:00,2025-09-05 11:00:00+00:00,148.148,148.253,148.134,148.198,8364,True
2025-09-05 13:00:00+01:00,2025-09-05 12:00:00+00:00,148.197,148.2,147.186,147.3,44181,True
2025-09-05 14:00:00+01:00,2025-09-05 13:00:00+00:00,147.299,147.466,147.042,147.058,36402,True
2025-09-05 15:00:00+01:00,2025-09-05 14:00:00+00:00,147.057,147.211,146.99,147.08,29560,True
2025-09-05 16:00:00+01:00,2025-09-05 15:00:00+00:00,147.08,147.086,146.818,146.844,18389,True
2025-09-05 17:00:00+01:00,2025-09-05 16:00:00+00:00,146.843,147.154,146.824,147.139,13426,True
2025-09-05 18:00:00+01:00,2025-09-05 17:00:00+00:00,147.138,147.306,147.132,147.276,11460,True
2025-09-05 19:00:00+01:00,2025-09-05 18:00:00+00:00,147.275,147.486,147.265,147.466,9280,True
2025-09-05 20:00:00+01:00,2025-09-05 19:00:00+00:00,147.467,147.5,147.374,147.464,7183,True
2025-09-05 21:00:00+01:00,2025-09-05 20:00:00+00:00,147.464,147.507,147.336,147.418,6650,True
2025-09-07 22:00:00+01:00,2025-09-07 21:00:00+00:00,148.187,148.236,147.942,147.992,1689,True
2025-09-07 23:00:00+01:00,2025-09-07 22:00:00+00:00,147.988,148.475,147.938,148.437,7985,True
2025-09-08 00:00:00+01:00,2025-09-07 23:00:00+00:00,148.434,148.453,148.21,148.317,11898,True
2025-09-08 01:00:00+01:00,2025-09-08 00:00:00+00:00,148.315,148.58,148.297,148.339,18782,True
2025-09-08 02:00:00+01:00,2025-09-08 01:00:00+00:00,148.338,148.39,148.126,148.142,14613,True
2025-09-08 03:00:00+01:00,2025-09-08 02:00:00+00:00,148.14,148.154,148.004,148.082,10373,True
2025-09-08 04:00:00+01:00,2025-09-08 03:00:00+00:00,148.082,148.223,148.02,148.204,8268,True
2025-09-08 05:00:00+01:00,2025-09-08 04:00:00+00:00,148.203,148.256,148.114,148.16,7361,True
2025-09-08 06:00:00+01:00,2025-09-08 05:00:00+00:00,148.162,148.18,148.006,148.138,7143,True
2025-09-08 07:00:00+01:00,2025-09-08 06:00:00+00:00,148.138,148.164,147.802,147.83,15180,True
2025-09-08 08:00:00+01:00,2025-09-08 07:00:00+00:00,147.832,147.836,147.515,147.534,14769,True
2025-09-08 09:00:00+01:00,2025-09-08 08:00:00+00:00,147.532,147.74,147.466,147.688,11341,True
2025-09-08 10:00:00+01:00,2025-09-08 09:00:00+00:00,147.686,147.774,147.666,147.754,9015,True
2025-09-08 11:00:00+01:00,2025-09-08 10:00:00+00:00,147.753,147.88,147.748,147.805,9008,True
2025-09-08 12:00:00+01:00,2025-09-08 11:00:00+00:00,147.806,147.821,147.677,147.778,8700,True
2025-09-08 13:00:00+01:00,2025-09-08 12:00:00+00:00,147.78,147.882,147.652,147.698,12597,True
2025-09-08 14:00:00+01:00,2025-09-08 13:00:00+00:00,147.7,147.746,147.538,147.676,16211,True
2025-09-08 15:00:00+01:00,2025-09-08 14:00:00+00:00,147.676,147.876,147.624,147.749,15521,True
2025-09-08 16:00:00+01:00,2025-09-08 15:00:00+00:00,147.75,147.768,147.547,147.592,11340,True
2025-09-08 17:00:00+01:00,2025-09-08 16:00:00+00:00,147.592,147.779,147.554,147.69,8895,True
2025-09-08 18:00:00+01:00,2025-09-08 17:00:00+00:00,147.69,147.768,147.673,147.73,7577,True
2025-09-08 19:00:00+01:00,2025-09-08 18:00:00+00:00,147.731,147.731,147.446,147.462,6832,True
2025-09-08 20:00:00+01:00,2025-09-08 19:00:00+00:00,147.461,147.476,147.342,147.421,5914,True
2025-09-08 21:00:00+01:00,2025-09-08 20:00:00+00:00,147.422,147.543,147.381,147.53,4197,True
2025-09-08 22:00:00+01:00,2025-09-08 21:00:00+00:00,147.503,147.573,147.492,147.53,1040,True
2025-09-08 23:00:00+01:00,2025-09-08 22:00:00+00:00,147.532,147.532,147.391,147.416,2258,True
2025-09-09 00:00:00+01:00,2025-09-08 23:00:00+00:00,147.411,147.426,147.214,147.376,5391,True
2025-09-09 01:00:00+01:00,2025-09-09 00:00:00+00:00,147.377,147.434,147.154,147.346,12109,True
2025-09-09 02:00:00+01:00,2025-09-09 01:00:00+00:00,147.347,147.401,147.2,147.239,9952,True
2025-09-09 03:00:00+01:00,2025-09-09 02:00:00+00:00,147.24,147.343,147.212,147.334,6855,True
2025-09-09 04:00:00+01:00,2025-09-09 03:00:00+00:00,147.334,147.404,147.323,147.366,5142,True
2025-09-09 05:00:00+01:00,2025-09-09 04:00:00+00:00,147.366,147.378,147.094,147.128,6699,True
2025-09-09 06:00:00+01:00,2025-09-09 05:00:00+00:00,147.129,147.134,146.848,146.858,7973,True
2025-09-09 07:00:00+01:00,2025-09-09 06:00:00+00:00,146.855,147.135,146.817,147.052,11176,True
2025-09-09 08:00:00+01:00,2025-09-09 07:00:00+00:00,147.05,147.316,146.998,147.206,9781,True
2025-09-09 09:00:00+01:00,2025-09-09 08:00:00+00:00,147.206,147.337,146.559,146.626,21868,True
2025-09-09 10:00:00+01:00,2025-09-09 09:00:00+00:00,146.625,146.625,146.307,146.348,12395,True
2025-09-09 11:00:00+01:00,2025-09-09 10:00:00+00:00,146.346,146.52,146.327,146.472,7107,True
2025-09-09 12:00:00+01:00,2025-09-09 11:00:00+00:00,146.471,146.767,146.465,146.73,8545,True
2025-09-09 13:00:00+01:00,2025-09-09 12:00:00+00:00,146.728,147.005,146.726,146.923,15037,True
2025-09-09 14:00:00+01:00,2025-09-09 13:00:00+00:00,146.92,146.968,146.778,146.872,17143,True
2025-09-09 15:00:00+01:00,2025-09-09 14:00:00+00:00,146.871,147.136,146.525,147.098,33693,True
2025-09-09 16:00:00+01:00,2025-09-09 15:00:00+00:00,147.097,147.351,147.097,147.237,17319,True
2025-09-09 17:00:00+01:00,2025-09-09 16:00:00+00:00,147.238,147.338,147.182,147.274,9246,True
2025-09-09 18:00:00+01:00,2025-09-09 17:00:00+00:00,147.273,147.365,147.24,147.356,8487,True
2025-09-09 19:00:00+01:00,2025-09-09 18:00:00+00:00,147.356,147.434,147.316,147.402,7850,True
2025-09-09 20:00:00+01:00,2025-09-09 19:00:00+00:00,147.402,147.464,147.392,147.446,5554,True
2025-09-09 21:00:00+01:00,2025-09-09 20:00:00+00:00,147.446,147.473,147.4,147.403,3748,True
2025-09-09 22:00:00+01:00,2025-09-09 21:00:00+00:00,147.364,147.414,147.299,147.382,1388,True
2025-09-09 23:00:00+01:00,2025-09-09 22:00:00+00:00,147.384,147.417,147.343,147.356,1569,True
2025-09-10 00:00:00+01:00,2025-09-09 23:00:00+00:00,147.352,147.454,147.336,147.396,3351,True
2025-09-10 01:00:00+01:00,2025-09-10 00:00:00+00:00,147.396,147.478,147.372,147.429,8896,True
2025-09-10 02:00:00+01:00,2025-09-10 01:00:00+00:00,147.429,147.578,147.334,147.398,9602,True
2025-09-10 03:00:00+01:00,2025-09-10 02:00:00+00:00,147.394,147.417,147.297,147.301,6953,True
2025-09-10 04:00:00+01:00,2025-09-10 03:00:00+00:00,147.302,147.402,147.271,147.396,4191,True
2025-09-10 05:00:00+01:00,2025-09-10 04:00:00+00:00,147.396,147.462,147.325,147.327,5321,True
2025-09-10 06:00:00+01:00,2025-09-10 05:00:00+00:00,147.328,147.489,147.282,147.427,5226,True
2025-09-10 07:00:00+01:00,2025-09-10 06:00:00+00:00,147.428,147.588,147.337,147.57,11632,True
2025-09-10 08:00:00+01:00,2025-09-10 07:00:00+00:00,147.569,147.574,147.393,147.498,12089,True
2025-09-10 09:00:00+01:00,2025-09-10 08:00:00+00:00,147.498,147.558,147.397,147.518,9835,True
2025-09-10 10:00:00+01:00,2025-09-10 09:00:00+00:00,147.52,147.544,147.396,147.427,9048,True
2025-09-10 11:00:00+01:00,2025-09-10 10:00:00+00:00,147.428,147.487,147.398,147.478,6842,True
2025-09-10 12:00:00+01:00,2025-09-10 11:00:00+00:00,147.478,147.547,147.446,147.518,7393,True
2025-09-10 13:00:00+01:00,2025-09-10 12:00:00+00:00,147.518,147.647,147.105,147.53,24429,True
2025-09-10 14:00:00+01:00,2025-09-10 13:00:00+00:00,147.533,147.608,147.275,147.342,21257,True
2025-09-10 15:00:00+01:00,2025-09-10 14:00:00+00:00,147.341,147.428,147.264,147.404,14900,True
2025-09-10 16:00:00+01:00,2025-09-10 15:00:00+00:00,147.404,147.446,147.317,147.373,9110,True
2025-09-10 17:00:00+01:00,2025-09-10 16:00:00+00:00,147.372,147.414,147.282,147.378,6975,True
2025-09-10 18:00:00+01:00,2025-09-10 17:00:00+00:00,147.377,147.394,147.248,147.334,6813,True
2025-09-10 19:00:00+01:00,2025-09-10 18:00:00+00:00,147.334,147.354,147.247,147.326,4628,True
2025-09-10 20:00:00+01:00,2025-09-10 19:00:00+00:00,147.326,147.468,147.314,147.415,5230,True
2025-09-10 21:00:00+01:00,2025-09-10 20:00:00+00:00,147.416,147.47,147.383,147.465,2454,True
2025-09-10 22:00:00+01:00,2025-09-10 21:00:00+00:00,147.396,147.436,147.378,147.408,2372,True
2025-09-10 23:00:00+01:00,2025-09-10 22:00:00+00:00,147.392,147.426,147.344,147.349,1253,True
2025-09-11 00:00:00+01:00,2025-09-10 23:00:00+00:00,147.348,147.38,147.282,147.352,2973,True
2025-09-11 01:00:00+01:00,2025-09-11 00:00:00+00:00,147.354,147.47,147.346,147.46,8191,True
2025-09-11 02:00:00+01:00,2025-09-11 01:00:00+00:00,147.461,147.48,147.321,147.392,5703,True
2025-09-11 03:00:00+01:00,2025-09-11 02:00:00+00:00,147.392,147.481,147.378,147.467,4198,True
2025-09-11 04:00:00+01:00,2025-09-11 03:00:00+00:00,147.468,147.479,147.436,147.446,4366,True
2025-09-11 05:00:00+01:00,2025-09-11 04:00:00+00:00,147.446,147.457,147.416,147.436,4280,True
2025-09-11 06:00:00+01:00,2025-09-11 05:00:00+00:00,147.436,147.589,147.427,147.582,4478,True
2025-09-11 07:00:00+01:00,2025-09-11 06:00:00+00:00,147.581,147.791,147.561,147.724,10554,True
2025-09-11 08:00:00+01:00,2025-09-11 07:00:00+00:00,147.726,147.831,147.656,147.78,9376,True
2025-09-11 09:00:00+01:00,2025-09-11 08:00:00+00:00,147.778,147.863,147.77,147.85,7882,True
2025-09-11 10:00:00+01:00,2025-09-11 09:00:00+00:00,147.849,147.993,147.841,147.961,7865,True
2025-09-11 11:00:00+01:00,2025-09-11 10:00:00+00:00,147.96,147.991,147.898,147.968,6022,True
2025-09-11 12:00:00+01:00,2025-09-11 11:00:00+00:00,147.97,147.988,147.902,147.968,7055,True
2025-09-11 13:00:00+01:00,2025-09-11 12:00:00+00:00,147.966,148.192,147.362,147.528,36185,True
2025-09-11 14:00:00+01:00,2025-09-11 13:00:00+00:00,147.528,147.621,147.332,147.36,31014,True
2025-09-11 15:00:00+01:00,2025-09-11 14:00:00+00:00,147.36,147.38,146.994,147.189,21086,True
2025-09-11 16:00:00+01:00,2025-09-11 15:00:00+00:00,147.189,147.312,147.056,147.17,13244,True
2025-09-11 17:00:00+01:00,2025-09-11 16:00:00+00:00,147.17,147.171,146.988,147.058,10210,True
2025-09-11 18:00:00+01:00,2025-09-11 17:00:00+00:00,147.058,147.308,147.052,147.29,9505,True
2025-09-11 19:00:00+01:00,2025-09-11 18:00:00+00:00,147.289,147.309,147.148,147.176,7597,True
2025-09-11 20:00:00+01:00,2025-09-11 19:00:00+00:00,147.177,147.192,147.089,147.165,8480,True
2025-09-11 21:00:00+01:00,2025-09-11 20:00:00+00:00,147.165,147.247,147.124,147.236,6135,True
2025-09-11 22:00:00+01:00,2025-09-11 21:00:00+00:00,147.221,147.243,147.18,147.198,172,True
2025-09-11 23:00:00+01:00,2025-09-11 22:00:00+00:00,147.192,147.231,147.122,147.188,2039,True
2025-09-12 00:00:00+01:00,2025-09-11 23:00:00+00:00,147.186,147.238,147.152,147.229,2622,True
2025-09-12 01:00:00+01:00,2025-09-12 00:00:00+00:00,147.229,147.337,147.167,147.23,7520,True
2025-09-12 02:00:00+01:00,2025-09-12 01:00:00+00:00,147.229,147.448,147.213,147.417,5272,True
2025-09-12 03:00:00+01:00,2025-09-12 02:00:00+00:00,147.417,147.48,147.398,147.424,4549,True
2025-09-12 04:00:00+01:00,2025-09-12 03:00:00+00:00,147.424,147.481,147.422,147.448,3807,True
2025-09-12 05:00:00+01:00,2025-09-12 04:00:00+00:00,147.45,147.547,147.449,147.502,3679,True
2025-09-12 06:00:00+01:00,2025-09-12 05:00:00+00:00,147.504,147.556,147.332,147.348,4948,True
2025-09-12 07:00:00+01:00,2025-09-12 06:00:00+00:00,147.347,147.506,147.326,147.409,9744,True
2025-09-12 08:00:00+01:00,2025-09-12 07:00:00+00:00,147.407,147.488,147.244,147.458,12976,True
2025-09-12 09:00:00+01:00,2025-09-12 08:00:00+00:00,147.458,147.928,147.454,147.894,16394,True
2025-09-12 10:00:00+01:00,2025-09-12 09:00:00+00:00,147.895,147.985,147.858,147.929,9939,True
2025-09-12 11:00:00+01:00,2025-09-12 10:00:00+00:00,147.93,147.941,147.744,147.754,7702,True
2025-09-12 12:00:00+01:00,2025-09-12 11:00:00+00:00,147.754,147.858,147.685,147.84,8308,True
2025-09-12 13:00:00+01:00,2025-09-12 12:00:00+00:00,147.84,148.074,147.809,147.848,13911,True
2025-09-12 14:00:00+01:00,2025-09-12 13:00:00+00:00,147.848,147.889,147.7,147.74,14975,True
2025-09-12 15:00:00+01:00,2025-09-12 14:00:00+00:00,147.748,147.77,147.59,147.668,15286,True
2025-09-12 16:00:00+01:00,2025-09-12 15:00:00+00:00,147.668,147.866,147.65,147.858,10317,True
2025-09-12 17:00:00+01:00,2025-09-12 16:00:00+00:00,147.859,147.876,147.631,147.684,6378,True
2025-09-12 18:00:00+01:00,2025-09-12 17:00:00+00:00,147.682,147.682,147.516,147.56,6459,True
2025-09-12 19:00:00+01:00,2025-09-12 18:00:00+00:00,147.56,147.562,147.474,147.488,4966,True
2025-09-12 20:00:00+01:00,2025-09-12 19:00:00+00:00,147.488,147.612,147.464,147.586,3868,True
2025-09-12 21:00:00+01:00,2025-09-12 20:00:00+00:00,147.584,147.724,147.578,147.673,4087,True
2025-09-14 22:00:00+01:00,2025-09-14 21:00:00+00:00,147.63,147.69,147.606,147.647,139,True
2025-09-14 23:00:00+01:00,2025-09-14 22:00:00+00:00,147.638,147.791,147.616,147.712,1790,True
2025-09-15 00:00:00+01:00,2025-09-14 23:00:00+00:00,147.712,147.73,147.63,147.678,3027,True
2025-09-15 01:00:00+01:00,2025-09-15 00:00:00+00:00,147.679,147.692,147.55,147.55,5340,True
2025-09-15 02:00:00+01:00,2025-09-15 01:00:00+00:00,147.55,147.588,147.541,147.578,6088,True
2025-09-15 03:00:00+01:00,2025-09-15 02:00:00+00:00,147.578,147.614,147.51,147.518,5069,True
2025-09-15 04:00:00+01:00,2025-09-15 03:00:00+00:00,147.516,147.52,147.404,147.43,4770,True
2025-09-15 05:00:00+01:00,2025-09-15 04:00:00+00:00,147.428,147.454,147.34,147.404,4312,True
2025-09-15 06:00:00+01:00,2025-09-15 05:00:00+00:00,147.404,147.522,147.394,147.511,4910,True
2025-09-15 07:00:00+01:00,2025-09-15 06:00:00+00:00,147.512,147.61,147.499,147.532,8707,True
2025-09-15 08:00:00+01:00,2025-09-15 07:00:00+00:00,147.532,147.597,147.374,147.469,11468,True
2025-09-15 09:00:00+01:00,2025-09-15 08:00:00+00:00,147.47,147.483,147.376,147.412,9629,True
2025-09-15 10:00:00+01:00,2025-09-15 09:00:00+00:00,147.414,147.43,147.311,147.37,7675,True
2025-09-15 11:00:00+01:00,2025-09-15 10:00:00+00:00,147.37,147.408,147.248,147.396,7718,True
2025-09-15 12:00:00+01:00,2025-09-15 11:00:00+00:00,147.396,147.478,147.324,147.416,8035,True
2025-09-15 13:00:00+01:00,2025-09-15 12:00:00+00:00,147.414,147.418,147.251,147.27,11909,True
2025-09-15 14:00:00+01:00,2025-09-15 13:00:00+00:00,147.27,147.355,147.232,147.35,12716,True
2025-09-15 15:00:00+01:00,2025-09-15 14:00:00+00:00,147.351,147.472,147.35,147.42,12836,True
2025-09-15 16:00:00+01:00,2025-09-15 15:00:00+00:00,147.42,147.436,147.27,147.274,9729,True
2025-09-15 17:00:00+01:00,2025-09-15 16:00:00+00:00,147.274,147.417,147.242,147.339,9857,True
2025-09-15 18:00:00+01:00,2025-09-15 17:00:00+00:00,147.34,147.374,147.246,147.256,7261,True
2025-09-15 19:00:00+01:00,2025-09-15 18:00:00+00:00,147.256,147.328,147.242,147.326,7008,True
2025-09-15 20:00:00+01:00,2025-09-15 19:00:00+00:00,147.324,147.415,147.314,147.392,5670,True
2025-09-15 21:00:00+01:00,2025-09-15 20:00:00+00:00,147.393,147.43,147.37,147.417,4293,True
2025-09-15 22:00:00+01:00,2025-09-15 21:00:00+00:00,147.343,147.379,147.314,147.354,1565,True
2025-09-15 23:00:00+01:00,2025-09-15 22:00:00+00:00,147.343,147.405,147.342,147.397,1354,True
2025-09-16 00:00:00+01:00,2025-09-15 23:00:00+00:00,147.396,147.428,147.336,147.401,3211,True
2025-09-16 01:00:00+01:00,2025-09-16 00:00:00+00:00,147.402,147.504,147.349,147.446,8963,True
2025-09-16 02:00:00+01:00,2025-09-16 01:00:00+00:00,147.446,147.541,147.264,147.353,9661,True
2025-09-16 03:00:00+01:00,2025-09-16 02:00:00+00:00,147.354,147.355,147.116,147.154,8591,True
2025-09-16 04:00:00+01:00,2025-09-16 03:00:00+00:00,147.154,147.2,147.018,147.102,8157,True
2025-09-16 05:00:00+01:00,2025-09-16 04:00:00+00:00,147.1,147.13,146.972,147.016,7159,True
2025-09-16 06:00:00+01:00,2025-09-16 05:00:00+00:00,147.017,147.072,146.918,146.994,7849,True
2025-09-16 07:00:00+01:00,2025-09-16 06:00:00+00:00,146.995,147.029,146.78,146.898,13856,True
2025-09-16 08:00:00+01:00,2025-09-16 07:00:00+00:00,146.896,146.9,146.692,146.89,14104,True
2025-09-16 09:00:00+01:00,2025-09-16 08:00:00+00:00,146.891,147.094,146.877,146.998,12529,True
2025-09-16 10:00:00+01:00,2025-09-16 09:00:00+00:00,146.998,147.008,146.868,146.962,12528,True
2025-09-16 11:00:00+01:00,2025-09-16 10:00:00+00:00,146.96,147.092,146.946,147.058,9678,True
2025-09-16 12:00:00+01:00,2025-09-16 11:00:00+00:00,147.057,147.116,146.878,146.958,11277,True
2025-09-16 13:00:00+01:00,2025-09-16 12:00:00+00:00,146.958,147.262,146.908,147.098,20589,True
2025-09-16 14:00:00+01:00,2025-09-16 13:00:00+00:00,147.097,147.139,146.736,146.761,20749,True
2025-09-16 15:00:00+01:00,2025-09-16 14:00:00+00:00,146.76,146.806,146.522,146.527,21166,True
2025-09-16 16:00:00+01:00,2025-09-16 15:00:00+00:00,146.528,146.683,146.502,146.558,12848,True
2025-09-16 17:00:00+01:00,2025-09-16 16:00:00+00:00,146.559,146.563,146.352,146.357,10305,True
2025-09-16 18:00:00+01:00,2025-09-16 17:00:00+00:00,146.356,146.403,146.278,146.376,10140,True
2025-09-16 19:00:00+01:00,2025-09-16 18:00:00+00:00,146.377,146.398,146.326,146.344,9678,True
2025-09-16 20:00:00+01:00,2025-09-16 19:00:00+00:00,146.345,146.502,146.345,146.497,9462,True
2025-09-16 21:00:00+01:00,2025-09-16 20:00:00+00:00,146.498,146.507,146.446,146.456,6343,True
2025-09-16 22:00:00+01:00,2025-09-16 21:00:00+00:00,146.478,146.541,146.434,146.484,1195,True
2025-09-16 23:00:00+01:00,2025-09-16 22:00:00+00:00,146.486,146.52,146.436,146.495,1576,True
2025-09-17 00:00:00+01:00,2025-09-16 23:00:00+00:00,146.494,146.494,146.312,146.413,3927,True
2025-09-17 01:00:00+01:00,2025-09-17 00:00:00+00:00,146.412,146.57,146.214,146.535,13680,True
2025-09-17 02:00:00+01:00,2025-09-17 01:00:00+00:00,146.536,146.606,146.432,146.498,10809,True
2025-09-17 03:00:00+01:00,2025-09-17 02:00:00+00:00,146.497,146.592,146.496,146.54,5671,True
2025-09-17 04:00:00+01:00,2025-09-17 03:00:00+00:00,146.54,146.567,146.478,146.534,3899,True
2025-09-17 05:00:00+01:00,2025-09-17 04:00:00+00:00,146.532,146.546,146.434,146.457,3461,True
2025-09-17 06:00:00+01:00,2025-09-17 05:00:00+00:00,146.456,146.556,146.372,146.518,6099,True
2025-09-17 07:00:00+01:00,2025-09-17 06:00:00+00:00,146.516,146.547,146.465,146.499,9394,True
2025-09-17 08:00:00+01:00,2025-09-17 07:00:00+00:00,146.5,146.681,146.48,146.667,10295,True
2025-09-17 09:00:00+01:00,2025-09-17 08:00:00+00:00,146.668,146.682,146.377,146.456,8608,True
2025-09-17 10:00:00+01:00,2025-09-17 09:00:00+00:00,146.455,146.456,146.278,146.319,8675,True
2025-09-17 11:00:00+01:00,2025-09-17 10:00:00+00:00,146.32,146.39,146.204,146.274,9283,True
2025-09-17 12:00:00+01:00,2025-09-17 11:00:00+00:00,146.275,146.346,146.226,146.34,8353,True
2025-09-17 13:00:00+01:00,2025-09-17 12:00:00+00:00,146.34,146.479,146.322,146.38,10439,True
2025-09-17 14:00:00+01:00,2025-09-17 13:00:00+00:00,146.38,146.401,146.245,146.339,11706,True
2025-09-17 15:00:00+01:00,2025-09-17 14:00:00+00:00,146.34,146.394,146.21,146.342,11938,True
2025-09-17 16:00:00+01:00,2025-09-17 15:00:00+00:00,146.343,146.386,146.305,146.362,8358,True
2025-09-17 17:00:00+01:00,2025-09-17 16:00:00+00:00,146.364,146.376,146.254,146.29,8888,True
2025-09-17 18:00:00+01:00,2025-09-17 17:00:00+00:00,146.29,146.37,146.247,146.247,9430,True
2025-09-17 19:00:00+01:00,2025-09-17 18:00:00+00:00,146.247,146.858,145.483,146.714,72623,True
2025-09-17 20:00:00+01:00,2025-09-17 19:00:00+00:00,146.713,146.848,146.442,146.778,31868,True
2025-09-17 21:00:00+01:00,2025-09-17 20:00:00+00:00,146.778,147.051,146.756,146.999,7323,True
2025-09-17 22:00:00+01:00,2025-09-17 21:00:00+00:00,146.965,146.994,146.882,146.945,1819,True
2025-09-17 23:00:00+01:00,2025-09-17 22:00:00+00:00,146.944,146.982,146.796,146.841,3762,True
2025-09-18 00:00:00+01:00,2025-09-17 23:00:00+00:00,146.838,146.912,146.768,146.884,7018,True
2025-09-18 01:00:00+01:00,2025-09-18 00:00:00+00:00,146.884,147.033,146.855,146.914,13598,True
2025-09-18 02:00:00+01:00,2025-09-18 01:00:00+00:00,146.914,147.148,146.846,147.024,14364,True
2025-09-18 03:00:00+01:00,2025-09-18 02:00:00+00:00,147.024,147.072,146.898,146.908,7216,True
2025-09-18 04:00:00+01:00,2025-09-18 03:00:00+00:00,146.907,147.054,146.854,147.053,5761,True
2025-09-18 05:00:00+01:00,2025-09-18 04:00:00+00:00,147.052,147.222,147.042,147.206,7412,True
2025-09-18 06:00:00+01:00,2025-09-18 05:00:00+00:00,147.206,147.406,147.174,147.354,8714,True
2025-09-18 07:00:00+01:00,2025-09-18 06:00:00+00:00,147.349,147.532,147.332,147.408,15590,True
2025-09-18 08:00:00+01:00,2025-09-18 07:00:00+00:00,147.41,147.428,147.029,147.116,16244,True
2025-09-18 09:00:00+01:00,2025-09-18 08:00:00+00:00,147.116,147.49,147.1,147.435,17030,True
2025-09-18 10:00:00+01:00,2025-09-18 09:00:00+00:00,147.434,147.457,147.162,147.276,12874,True
2025-09-18 11:00:00+01:00,2025-09-18 10:00:00+00:00,147.275,147.372,147.226,147.262,9194,True
2025-09-18 12:00:00+01:00,2025-09-18 11:00:00+00:00,147.262,147.427,147.216,147.386,15328,True
2025-09-18 13:00:00+01:00,2025-09-18 12:00:00+00:00,147.386,147.804,147.368,147.792,20265,True
2025-09-18 14:00:00+01:00,2025-09-18 13:00:00+00:00,147.793,148.268,147.793,148.06,26529,True
2025-09-18 15:00:00+01:00,2025-09-18 14:00:00+00:00,148.062,148.129,147.902,148.014,24847,True
2025-09-18 16:00:00+01:00,2025-09-18 15:00:00+00:00,148.013,148.084,147.905,148.026,16427,True
2025-09-18 17:00:00+01:00,2025-09-18 16:00:00+00:00,148.026,148.044,147.858,147.866,11128,True
2025-09-18 18:00:00+01:00,2025-09-18 17:00:00+00:00,147.867,147.894,147.804,147.876,7828,True
2025-09-18 19:00:00+01:00,2025-09-18 18:00:00+00:00,147.876,147.931,147.83,147.884,6348,True
2025-09-18 20:00:00+01:00,2025-09-18 19:00:00+00:00,147.884,147.964,147.844,147.954,5719,True
2025-09-18 21:00:00+01:00,2025-09-18 20:00:00+00:00,147.955,148.022,147.951,147.996,3711,True
2025-09-18 22:00:00+01:00,2025-09-18 21:00:00+00:00,147.944,148.002,147.909,147.962,1589,True
2025-09-18 23:00:00+01:00,2025-09-18 22:00:00+00:00,147.958,147.986,147.913,147.946,3535,True
2025-09-19 00:00:00+01:00,2025-09-18 23:00:00+00:00,147.946,148.01,147.939,147.966,2781,True
2025-09-19 01:00:00+01:00,2025-09-19 00:00:00+00:00,147.965,148.114,147.898,148.012,9706,True
2025-09-19 02:00:00+01:00,2025-09-19 01:00:00+00:00,148.01,148.094,147.932,148.063,9833,True
2025-09-19 03:00:00+01:00,2025-09-19 02:00:00+00:00,148.062,148.108,147.952,147.993,6361,True
2025-09-19 04:00:00+01:00,2025-09-19 03:00:00+00:00,147.992,147.994,147.372,147.626,19872,True
2025-09-19 05:00:00+01:00,2025-09-19 04:00:00+00:00,147.625,147.632,147.196,147.525,26350,True
2025-09-19 06:00:00+01:00,2025-09-19 05:00:00+00:00,147.526,147.586,147.418,147.512,15641,True
2025-09-19 07:00:00+01:00,2025-09-19 06:00:00+00:00,147.512,147.99,147.468,147.855,26416,True
2025-09-19 08:00:00+01:00,2025-09-19 07:00:00+00:00,147.854,147.958,147.666,147.934,19219,True
2025-09-19 09:00:00+01:00,2025-09-19 08:00:00+00:00,147.933,148.038,147.812,147.858,13980,True
2025-09-19 10:00:00+01:00,2025-09-19 09:00:00+00:00,147.856,147.984,147.753,147.96,10655,True
2025-09-19 11:00:00+01:00,2025-09-19 10:00:00+00:00,147.961,147.976,147.858,147.942,8188,True
2025-09-19 12:00:00+01:00,2025-09-19 11:00:00+00:00,147.942,148.2,147.932,148.167,10603,True
2025-09-19 13:00:00+01:00,2025-09-19 12:00:00+00:00,148.166,148.288,148.016,148.158,18419,True
2025-09-19 14:00:00+01:00,2025-09-19 13:00:00+00:00,148.158,148.158,147.806,147.838,20586,True
2025-09-19 15:00:00+01:00,2025-09-19 14:00:00+00:00,147.84,147.926,147.793,147.888,18556,True
2025-09-19 16:00:00+01:00,2025-09-19 15:00:00+00:00,147.891,147.952,147.828,147.836,15475,True
2025-09-19 17:00:00+01:00,2025-09-19 16:00:00+00:00,147.838,147.928,147.797,147.85,8849,True
2025-09-19 18:00:00+01:00,2025-09-19 17:00:00+00:00,147.852,147.954,147.845,147.944,6640,True
2025-09-19 19:00:00+01:00,2025-09-19 18:00:00+00:00,147.944,147.976,147.919,147.966,5166,True
2025-09-19 20:00:00+01:00,2025-09-19 19:00:00+00:00,147.968,147.995,147.921,147.942,4318,True
2025-09-19 21:00:00+01:00,2025-09-19 20:00:00+00:00,147.941,147.994,147.936,147.956,6746,True
2025-09-21 22:00:00+01:00,2025-09-21 21:00:00+00:00,147.919,147.932,147.904,147.928,336,True
2025-09-21 23:00:00+01:00,2025-09-21 22:00:00+00:00,147.922,148.02,147.877,147.994,1876,True
2025-09-22 00:00:00+01:00,2025-09-21 23:00:00+00:00,147.992,148.112,147.979,148.104,3749,True
2025-09-22 01:00:00+01:00,2025-09-22 00:00:00+00:00,148.106,148.258,148.106,148.16,8906,True
2025-09-22 02:00:00+01:00,2025-09-22 01:00:00+00:00,148.158,148.217,148.088,148.194,9419,True
2025-09-22 03:00:00+01:00,2025-09-22 02:00:00+00:00,148.194,148.354,148.183,148.35,7830,True
2025-09-22 04:00:00+01:00,2025-09-22 03:00:00+00:00,148.35,148.378,148.304,148.338,5166,True
2025-09-22 05:00:00+01:00,2025-09-22 04:00:00+00:00,148.338,148.37,148.274,148.287,4309,True
2025-09-22 06:00:00+01:00,2025-09-22 05:00:00+00:00,148.286,148.306,148.224,148.254,5232,True
2025-09-22 07:00:00+01:00,2025-09-22 06:00:00+00:00,148.255,148.262,147.997,148.076,9893,True
2025-09-22 08:00:00+01:00,2025-09-22 07:00:00+00:00,148.076,148.134,147.892,148.116,14896,True
2025-09-22 09:00:00+01:00,2025-09-22 08:00:00+00:00,148.118,148.13,147.818,147.856,13084,True
2025-09-22 10:00:00+01:00,2025-09-22 09:00:00+00:00,147.854,147.948,147.799,147.878,8713,True
2025-09-22 11:00:00+01:00,2025-09-22 10:00:00+00:00,147.878,147.934,147.822,147.858,9323,True
2025-09-22 12:00:00+01:00,2025-09-22 11:00:00+00:00,147.859,147.909,147.742,147.844,9191,True
2025-09-22 13:00:00+01:00,2025-09-22 12:00:00+00:00,147.842,147.934,147.764,147.844,14017,True
2025-09-22 14:00:00+01:00,2025-09-22 13:00:00+00:00,147.844,147.971,147.732,147.822,15462,True
2025-09-22 15:00:00+01:00,2025-09-22 14:00:00+00:00,147.822,147.986,147.819,147.877,12551,True
2025-09-22 16:00:00+01:00,2025-09-22 15:00:00+00:00,147.878,147.903,147.82,147.838,10302,True
2025-09-22 17:00:00+01:00,2025-09-22 16:00:00+00:00,147.838,147.89,147.738,147.742,8061,True
2025-09-22 18:00:00+01:00,2025-09-22 17:00:00+00:00,147.742,147.782,147.659,147.686,5891,True
2025-09-22 19:00:00+01:00,2025-09-22 18:00:00+00:00,147.686,147.774,147.66,147.73,8341,True
2025-09-22 20:00:00+01:00,2025-09-22 19:00:00+00:00,147.729,147.743,147.69,147.738,5398,True
2025-09-22 21:00:00+01:00,2025-09-22 20:00:00+00:00,147.738,147.782,147.712,147.736,3564,True
2025-09-22 22:00:00+01:00,2025-09-22 21:00:00+00:00,147.775,147.822,147.714,147.736,724,True
2025-09-22 23:00:00+01:00,2025-09-22 22:00:00+00:00,147.754,147.76,147.666,147.704,1380,True
2025-09-23 00:00:00+01:00,2025-09-22 23:00:00+00:00,147.704,147.768,147.68,147.733,2995,True
2025-09-23 01:00:00+01:00,2025-09-23 00:00:00+00:00,147.732,147.768,147.653,147.668,5737,True
2025-09-23 02:00:00+01:00,2025-09-23 01:00:00+00:00,147.666,147.706,147.6,147.621,6530,True
2025-09-23 03:00:00+01:00,2025-09-23 02:00:00+00:00,147.62,147.816,147.608,147.798,6844,True
2025-09-23 04:00:00+01:00,2025-09-23 03:00:00+00:00,147.799,147.865,147.749,147.762,6290,True
2025-09-23 05:00:00+01:00,2025-09-23 04:00:00+00:00,147.762,147.814,147.733,147.798,4469,True
2025-09-23 06:00:00+01:00,2025-09-23 05:00:00+00:00,147.802,147.842,147.74,147.801,5534,True
2025-09-23 07:00:00+01:00,2025-09-23 06:00:00+00:00,147.802,147.834,147.638,147.721,8439,True
2025-09-23 08:00:00+01:00,2025-09-23 07:00:00+00:00,147.72,147.826,147.648,147.73,14002,True
2025-09-23 09:00:00+01:00,2025-09-23 08:00:00+00:00,147.73,147.778,147.538,147.566,12066,True
2025-09-23 10:00:00+01:00,2025-09-23 09:00:00+00:00,147.566,147.627,147.508,147.612,9486,True
2025-09-23 11:00:00+01:00,2025-09-23 10:00:00+00:00,147.612,147.773,147.583,147.718,7125,True
2025-09-23 12:00:00+01:00,2025-09-23 11:00:00+00:00,147.718,147.796,147.69,147.766,8850,True
2025-09-23 13:00:00+01:00,2025-09-23 12:00:00+00:00,147.766,147.886,147.756,147.774,12760,True
2025-09-23 14:00:00+01:00,2025-09-23 13:00:00+00:00,147.774,147.888,147.669,147.678,17644,True
2025-09-23 15:00:00+01:00,2025-09-23 14:00:00+00:00,147.679,147.802,147.618,147.763,17600,True
2025-09-23 16:00:00+01:00,2025-09-23 15:00:00+00:00,147.764,147.928,147.752,147.842,12968,True
2025-09-23 17:00:00+01:00,2025-09-23 16:00:00+00:00,147.842,147.93,147.688,147.774,14151,True
2025-09-23 18:00:00+01:00,2025-09-23 17:00:00+00:00,147.772,147.776,147.494,147.582,13170,True
2025-09-23 19:00:00+01:00,2025-09-23 18:00:00+00:00,147.585,147.625,147.463,147.584,10443,True
2025-09-23 20:00:00+01:00,2025-09-23 19:00:00+00:00,147.586,147.636,147.554,147.634,8927,True
2025-09-23 21:00:00+01:00,2025-09-23 20:00:00+00:00,147.636,147.677,147.586,147.658,5566,True
2025-09-23 22:00:00+01:00,2025-09-23 21:00:00+00:00,147.618,147.671,147.591,147.591,1576,True
2025-09-23 23:00:00+01:00,2025-09-23 22:00:00+00:00,147.592,147.632,147.561,147.618,2153,True
2025-09-24 00:00:00+01:00,2025-09-23 23:00:00+00:00,147.615,147.666,147.578,147.603,3748,True
2025-09-24 01:00:00+01:00,2025-09-24 00:00:00+00:00,147.602,147.829,147.516,147.778,11596,True
2025-09-24 02:00:00+01:00,2025-09-24 01:00:00+00:00,147.777,147.814,147.715,147.758,10035,True
2025-09-24 03:00:00+01:00,2025-09-24 02:00:00+00:00,147.758,147.792,147.724,147.771,6864,True
2025-09-24 04:00:00+01:00,2025-09-24 03:00:00+00:00,147.77,147.878,147.76,147.873,4733,True
2025-09-24 05:00:00+01:00,2025-09-24 04:00:00+00:00,147.874,147.964,147.874,147.904,4808,True
2025-09-24 06:00:00+01:00,2025-09-24 05:00:00+00:00,147.906,147.941,147.818,147.877,6471,True
2025-09-24 07:00:00+01:00,2025-09-24 06:00:00+00:00,147.878,148.109,147.871,148.058,10361,True
2025-09-24 08:00:00+01:00,2025-09-24 07:00:00+00:00,148.056,148.102,148.008,148.043,10957,True
2025-09-24 09:00:00+01:00,2025-09-24 08:00:00+00:00,148.044,148.292,148.018,148.266,10984,True
2025-09-24 10:00:00+01:00,2025-09-24 09:00:00+00:00,148.265,148.348,148.212,148.282,9946,True
2025-09-24 11:00:00+01:00,2025-09-24 10:00:00+00:00,148.283,148.426,148.282,148.398,7272,True
2025-09-24 12:00:00+01:00,2025-09-24 11:00:00+00:00,148.398,148.521,148.382,148.503,8893,True
2025-09-24 13:00:00+01:00,2025-09-24 12:00:00+00:00,148.504,148.719,148.43,148.67,13243,True
2025-09-24 14:00:00+01:00,2025-09-24 13:00:00+00:00,148.67,148.778,148.616,148.71,14835,True
2025-09-24 15:00:00+01:00,2025-09-24 14:00:00+00:00,148.71,148.782,148.594,148.714,16634,True
2025-09-24 16:00:00+01:00,2025-09-24 15:00:00+00:00,148.712,148.776,148.697,148.712,11973,True
2025-09-24 17:00:00+01:00,2025-09-24 16:00:00+00:00,148.712,148.796,148.687,148.766,7515,True
2025-09-24 18:00:00+01:00,2025-09-24 17:00:00+00:00,148.766,148.771,148.704,148.741,5140,True
2025-09-24 19:00:00+01:00,2025-09-24 18:00:00+00:00,148.742,148.873,148.739,148.844,6423,True
2025-09-24 20:00:00+01:00,2025-09-24 19:00:00+00:00,148.844,148.89,148.836,148.862,4884,True
2025-09-24 21:00:00+01:00,2025-09-24 20:00:00+00:00,148.862,148.918,148.856,148.909,3067,True
2025-09-24 22:00:00+01:00,2025-09-24 21:00:00+00:00,148.864,148.873,148.78,148.798,482,True
2025-09-24 23:00:00+01:00,2025-09-24 22:00:00+00:00,148.79,148.856,148.779,148.804,1683,True
2025-09-25 00:00:00+01:00,2025-09-24 23:00:00+00:00,148.804,148.836,148.724,148.785,4580,True
2025-09-25 01:00:00+01:00,2025-09-25 00:00:00+00:00,148.784,148.796,148.561,148.574,11352,True
2025-09-25 02:00:00+01:00,2025-09-25 01:00:00+00:00,148.574,148.861,148.56,148.756,7893,True
2025-09-25 03:00:00+01:00,2025-09-25 02:00:00+00:00,148.756,148.762,148.615,148.754,6774,True
2025-09-25 04:00:00+01:00,2025-09-25 03:00:00+00:00,148.754,148.776,148.662,148.674,4288,True
2025-09-25 05:00:00+01:00,2025-09-25 04:00:00+00:00,148.673,148.702,148.602,148.607,4202,True
2025-09-25 06:00:00+01:00,2025-09-25 05:00:00+00:00,148.606,148.816,148.6,148.812,5894,True
2025-09-25 07:00:00+01:00,2025-09-25 06:00:00+00:00,148.812,148.864,148.732,148.784,10789,True
2025-09-25 08:00:00+01:00,2025-09-25 07:00:00+00:00,148.782,148.83,148.634,148.822,12791,True
2025-09-25 09:00:00+01:00,2025-09-25 08:00:00+00:00,148.822,148.826,148.665,148.744,10788,True
2025-09-25 10:00:00+01:00,2025-09-25 09:00:00+00:00,148.742,148.814,148.684,148.794,7772,True
2025-09-25 11:00:00+01:00,2025-09-25 10:00:00+00:00,148.794,148.802,148.726,148.8,6946,True
2025-09-25 12:00:00+01:00,2025-09-25 11:00:00+00:00,148.8,148.895,148.796,148.84,9420,True
2025-09-25 13:00:00+01:00,2025-09-25 12:00:00+00:00,148.841,149.357,148.804,149.245,25377,True
2025-09-25 14:00:00+01:00,2025-09-25 13:00:00+00:00,149.247,149.478,149.148,149.43,25592,True
2025-09-25 15:00:00+01:00,2025-09-25 14:00:00+00:00,149.429,149.637,149.342,149.636,21126,True
2025-09-25 16:00:00+01:00,2025-09-25 15:00:00+00:00,149.637,149.846,149.624,149.788,14430,True
2025-09-25 17:00:00+01:00,2025-09-25 16:00:00+00:00,149.788,149.868,149.708,149.818,12034,True
2025-09-25 18:00:00+01:00,2025-09-25 17:00:00+00:00,149.818,149.923,149.762,149.806,10237,True
2025-09-25 19:00:00+01:00,2025-09-25 18:00:00+00:00,149.805,149.93,149.731,149.89,10060,True
2025-09-25 20:00:00+01:00,2025-09-25 19:00:00+00:00,149.89,149.898,149.729,149.772,6683,True
2025-09-25 21:00:00+01:00,2025-09-25 20:00:00+00:00,149.774,149.814,149.746,149.799,3353,True
2025-09-25 22:00:00+01:00,2025-09-25 21:00:00+00:00,149.841,149.841,149.763,149.782,1911,True
2025-09-25 23:00:00+01:00,2025-09-25 22:00:00+00:00,149.782,149.81,149.732,149.741,1870,True
2025-09-26 00:00:00+01:00,2025-09-25 23:00:00+00:00,149.742,149.96,149.737,149.875,7839,True
2025-09-26 01:00:00+01:00,2025-09-26 00:00:00+00:00,149.874,149.945,149.64,149.686,13725,True
2025-09-26 02:00:00+01:00,2025-09-26 01:00:00+00:00,149.686,149.85,149.634,149.829,8894,True
2025-09-26 03:00:00+01:00,2025-09-26 02:00:00+00:00,149.828,149.834,149.694,149.722,5872,True
2025-09-26 04:00:00+01:00,2025-09-26 03:00:00+00:00,149.722,149.746,149.671,149.706,4349,True
2025-09-26 05:00:00+01:00,2025-09-26 04:00:00+00:00,149.706,149.731,149.643,149.646,4705,True
2025-09-26 06:00:00+01:00,2025-09-26 05:00:00+00:00,149.646,149.725,149.616,149.714,4897,True
2025-09-26 07:00:00+01:00,2025-09-26 06:00:00+00:00,149.715,149.798,149.696,149.726,10124,True
2025-09-26 08:00:00+01:00,2025-09-26 07:00:00+00:00,149.726,149.886,149.726,149.848,11333,True
2025-09-26 09:00:00+01:00,2025-09-26 08:00:00+00:00,149.848,149.849,149.652,149.753,9357,True
2025-09-26 10:00:00+01:00,2025-09-26 09:00:00+00:00,149.754,149.798,149.712,149.79,8412,True
2025-09-26 11:00:00+01:00,2025-09-26 10:00:00+00:00,149.79,149.954,149.784,149.892,7371,True
2025-09-26 12:00:00+01:00,2025-09-26 11:00:00+00:00,149.89,149.899,149.756,149.788,8921,True
2025-09-26 13:00:00+01:00,2025-09-26 12:00:00+00:00,149.788,149.842,149.588,149.625,20029,True
2025-09-26 14:00:00+01:00,2025-09-26 13:00:00+00:00,149.628,149.784,149.514,149.74,21121,True
2025-09-26 15:00:00+01:00,2025-09-26 14:00:00+00:00,149.738,149.739,149.466,149.503,19431,True
2025-09-26 16:00:00+01:00,2025-09-26 15:00:00+00:00,149.504,149.576,149.426,149.522,12527,True
2025-09-26 17:00:00+01:00,2025-09-26 16:00:00+00:00,149.523,149.597,149.495,149.554,8288,True
2025-09-26 18:00:00+01:00,2025-09-26 17:00:00+00:00,149.552,149.563,149.479,149.52,6850,True
2025-09-26 19:00:00+01:00,2025-09-26 18:00:00+00:00,149.521,149.556,149.406,149.44,6446,True
2025-09-26 20:00:00+01:00,2025-09-26 19:00:00+00:00,149.439,149.561,149.437,149.508,4613,True
2025-09-26 21:00:00+01:00,2025-09-26 20:00:00+00:00,149.509,149.552,149.478,149.519,3305,True
2025-09-28 22:00:00+01:00,2025-09-28 21:00:00+00:00,149.5,149.536,149.438,149.492,385,True
2025-09-28 23:00:00+01:00,2025-09-28 22:00:00+00:00,149.479,149.518,149.404,149.472,1955,True
2025-09-29 00:00:00+01:00,2025-09-28 23:00:00+00:00,149.471,149.478,149.34,149.413,4610,True
2025-09-29 01:00:00+01:00,2025-09-29 00:00:00+00:00,149.414,149.424,149.117,149.18,10370,True
2025-09-29 02:00:00+01:00,2025-09-29 01:00:00+00:00,149.179,149.282,149.019,149.09,10843,True
2025-09-29 03:00:00+01:00,2025-09-29 02:00:00+00:00,149.1,149.11,148.903,148.94,8950,True
2025-09-29 04:00:00+01:00,2025-09-29 03:00:00+00:00,148.941,148.96,148.884,148.936,6173,True
2025-09-29 05:00:00+01:00,2025-09-29 04:00:00+00:00,148.936,148.982,148.89,148.951,6375,True
2025-09-29 06:00:00+01:00,2025-09-29 05:00:00+00:00,148.952,148.982,148.744,148.78,11337,True
2025-09-29 07:00:00+01:00,2025-09-29 06:00:00+00:00,148.782,148.856,148.714,148.827,11467,True
2025-09-29 08:00:00+01:00,2025-09-29 07:00:00+00:00,148.828,148.84,148.522,148.577,13142,True
2025-09-29 09:00:00+01:00,2025-09-29 08:00:00+00:00,148.576,148.622,148.472,148.53,12309,True
2025-09-29 10:00:00+01:00,2025-09-29 09:00:00+00:00,148.531,148.638,148.472,148.602,10686,True
2025-09-29 11:00:00+01:00,2025-09-29 10:00:00+00:00,148.602,148.686,148.574,148.666,8360,True
2025-09-29 12:00:00+01:00,2025-09-29 11:00:00+00:00,148.667,148.8,148.621,148.628,9087,True
2025-09-29 13:00:00+01:00,2025-09-29 12:00:00+00:00,148.632,148.816,148.576,148.608,16832,True
2025-09-29 14:00:00+01:00,2025-09-29 13:00:00+00:00,148.608,148.74,148.48,148.582,17706,True
2025-09-29 15:00:00+01:00,2025-09-29 14:00:00+00:00,148.584,148.653,148.53,148.65,14760,True
2025-09-29 16:00:00+01:00,2025-09-29 15:00:00+00:00,148.65,148.654,148.498,148.57,13149,True
2025-09-29 17:00:00+01:00,2025-09-29 16:00:00+00:00,148.57,148.616,148.56,148.584,6505,True
2025-09-29 18:00:00+01:00,2025-09-29 17:00:00+00:00,148.584,148.649,148.552,148.586,6559,True
2025-09-29 19:00:00+01:00,2025-09-29 18:00:00+00:00,148.585,148.643,148.548,148.635,6092,True
2025-09-29 20:00:00+01:00,2025-09-29 19:00:00+00:00,148.636,148.676,148.556,148.628,5865,True
2025-09-29 21:00:00+01:00,2025-09-29 20:00:00+00:00,148.629,148.694,148.591,148.598,3782,True
2025-09-29 22:00:00+01:00,2025-09-29 21:00:00+00:00,148.611,148.692,148.577,148.606,836,True
2025-09-29 23:00:00+01:00,2025-09-29 22:00:00+00:00,148.606,148.651,148.592,148.6,1393,True
2025-09-30 00:00:00+01:00,2025-09-29 23:00:00+00:00,148.6,148.633,148.504,148.62,4344,True
2025-09-30 01:00:00+01:00,2025-09-30 00:00:00+00:00,148.619,148.847,148.552,148.796,14103,True
2025-09-30 02:00:00+01:00,2025-09-30 01:00:00+00:00,148.794,148.794,148.6,148.752,11366,True
2025-09-30 03:00:00+01:00,2025-09-30 02:00:00+00:00,148.752,148.806,148.626,148.718,6578,True
2025-09-30 04:00:00+01:00,2025-09-30 03:00:00+00:00,148.717,148.722,148.512,148.518,5634,True
2025-09-30 05:00:00+01:00,2025-09-30 04:00:00+00:00,148.516,148.592,148.388,148.404,8407,True
2025-09-30 06:00:00+01:00,2025-09-30 05:00:00+00:00,148.404,148.445,148.227,148.288,9967,True
2025-09-30 07:00:00+01:00,2025-09-30 06:00:00+00:00,148.288,148.353,148.052,148.074,12641,True
2025-09-30 08:00:00+01:00,2025-09-30 07:00:00+00:00,148.076,148.181,147.944,148.051,16543,True
2025-09-30 09:00:00+01:00,2025-09-30 08:00:00+00:00,148.058,148.094,147.838,147.856,14855,True
2025-09-30 10:00:00+01:00,2025-09-30 09:00:00+00:00,147.854,147.99,147.833,147.973,11637,True
2025-09-30 11:00:00+01:00,2025-09-30 10:00:00+00:00,147.97,148.037,147.902,148.026,7888,True
2025-09-30 12:00:00+01:00,2025-09-30 11:00:00+00:00,148.028,148.104,147.966,147.973,7443,True
2025-09-30 13:00:00+01:00,2025-09-30 12:00:00+00:00,147.971,148.028,147.9,147.959,12964,True
2025-09-30 14:00:00+01:00,2025-09-30 13:00:00+00:00,147.958,148.066,147.81,147.908,16025,True
2025-09-30 15:00:00+01:00,2025-09-30 14:00:00+00:00,147.904,148.005,147.654,147.686,26915,True
2025-09-30 16:00:00+01:00,2025-09-30 15:00:00+00:00,147.686,148.02,147.661,147.97,19177,True
2025-09-30 17:00:00+01:00,2025-09-30 16:00:00+00:00,147.969,147.969,147.705,147.745,10548,True
2025-09-30 18:00:00+01:00,2025-09-30 17:00:00+00:00,147.744,147.848,147.652,147.786,10080,True
2025-09-30 19:00:00+01:00,2025-09-30 18:00:00+00:00,147.786,147.886,147.771,147.876,8385,True
2025-09-30 20:00:00+01:00,2025-09-30 19:00:00+00:00,147.874,147.927,147.828,147.865,9099,True
2025-09-30 21:00:00+01:00,2025-09-30 20:00:00+00:00,147.864,147.985,147.863,147.94,4943,True
2025-09-30 22:00:00+01:00,2025-09-30 21:00:00+00:00,147.85,147.904,147.839,147.872,845,True
2025-09-30 23:00:00+01:00,2025-09-30 22:00:00+00:00,147.872,147.926,147.822,147.914,1799,True
2025-10-01 00:00:00+01:00,2025-09-30 23:00:00+00:00,147.914,148.031,147.816,148.026,4636,True
2025-10-01 01:00:00+01:00,2025-10-01 00:00:00+00:00,148.026,148.227,148.026,148.109,11882,True
2025-10-01 02:00:00+01:00,2025-10-01 01:00:00+00:00,148.108,148.168,147.942,147.954,7719,True
2025-10-01 03:00:00+01:00,2025-10-01 02:00:00+00:00,147.949,148.012,147.888,147.916,7206,True
2025-10-01 04:00:00+01:00,2025-10-01 03:00:00+00:00,147.917,147.999,147.869,147.93,6108,True
2025-10-01 05:00:00+01:00,2025-10-01 04:00:00+00:00,147.928,147.958,147.552,147.554,8817,True
2025-10-01 06:00:00+01:00,2025-10-01 05:00:00+00:00,147.552,147.646,147.463,147.528,12066,True
2025-10-01 07:00:00+01:00,2025-10-01 06:00:00+00:00,147.528,147.528,147.168,147.232,14825,True
2025-10-01 08:00:00+01:00,2025-10-01 07:00:00+00:00,147.234,147.324,147.022,147.124,19487,True
2025-10-01 09:00:00+01:00,2025-10-01 08:00:00+00:00,147.126,147.155,146.899,147.152,16229,True
2025-10-01 10:00:00+01:00,2025-10-01 09:00:00+00:00,147.152,147.228,147.072,147.208,15190,True
2025-10-01 11:00:00+01:00,2025-10-01 10:00:00+00:00,147.208,147.266,147.06,147.08,13636,True
2025-10-01 12:00:00+01:00,2025-10-01 11:00:00+00:00,147.08,147.11,146.995,147.004,12277,True
2025-10-01 13:00:00+01:00,2025-10-01 12:00:00+00:00,147.001,147.118,146.586,146.798,39080,True
2025-10-01 14:00:00+01:00,2025-10-01 13:00:00+00:00,146.798,146.874,146.62,146.725,24895,True
2025-10-01 15:00:00+01:00,2025-10-01 14:00:00+00:00,146.723,147.05,146.708,146.862,35314,True
2025-10-01 16:00:00+01:00,2025-10-01 15:00:00+00:00,146.864,147.214,146.844,147.151,21722,True
2025-10-01 17:00:00+01:00,2025-10-01 16:00:00+00:00,147.152,147.255,147.094,147.163,12744,True
2025-10-01 18:00:00+01:00,2025-10-01 17:00:00+00:00,147.162,147.194,147.114,147.17,8670,True
2025-10-01 19:00:00+01:00,2025-10-01 18:00:00+00:00,147.17,147.232,147.023,147.09,9231,True
2025-10-01 20:00:00+01:00,2025-10-01 19:00:00+00:00,147.09,147.159,147.054,147.098,6726,True
2025-10-01 21:00:00+01:00,2025-10-01 20:00:00+00:00,147.098,147.168,147.07,147.071,4296,True
2025-10-01 22:00:00+01:00,2025-10-01 21:00:00+00:00,147.068,147.074,147.041,147.056,526,True
2025-10-01 23:00:00+01:00,2025-10-01 22:00:00+00:00,147.056,147.07,147.0,147.01,1340,True
2025-10-02 00:00:00+01:00,2025-10-01 23:00:00+00:00,147.008,147.115,146.999,147.11,3283,True
2025-10-02 01:00:00+01:00,2025-10-02 00:00:00+00:00,147.111,147.326,147.108,147.196,11619,True
2025-10-02 02:00:00+01:00,2025-10-02 01:00:00+00:00,147.195,147.23,146.959,146.988,9281,True
2025-10-02 03:00:00+01:00,2025-10-02 02:00:00+00:00,146.987,147.188,146.942,147.164,6231,True
2025-10-02 04:00:00+01:00,2025-10-02 03:00:00+00:00,147.164,147.196,147.05,147.086,5375,True
2025-10-02 05:00:00+01:00,2025-10-02 04:00:00+00:00,147.088,147.202,147.074,147.176,4977,True
2025-10-02 06:00:00+01:00,2025-10-02 05:00:00+00:00,147.176,147.27,147.12,147.167,6885,True
2025-10-02 07:00:00+01:00,2025-10-02 06:00:00+00:00,147.164,147.382,146.894,147.156,15244,True
2025-10-02 08:00:00+01:00,2025-10-02 07:00:00+00:00,147.157,147.218,147.011,147.083,16196,True
2025-10-02 09:00:00+01:00,2025-10-02 08:00:00+00:00,147.082,147.083,146.726,146.8,14106,True
2025-10-02 10:00:00+01:00,2025-10-02 09:00:00+00:00,146.8,146.811,146.6,146.622,11539,True
2025-10-02 11:00:00+01:00,2025-10-02 10:00:00+00:00,146.622,146.77,146.62,146.644,9074,True
2025-10-02 12:00:00+01:00,2025-10-02 11:00:00+00:00,146.64,146.863,146.626,146.796,9353,True
2025-10-02 13:00:00+01:00,2025-10-02 12:00:00+00:00,146.796,147.202,146.745,147.162,14204,True
2025-10-02 14:00:00+01:00,2025-10-02 13:00:00+00:00,147.16,147.272,147.058,147.228,18877,True
2025-10-02 15:00:00+01:00,2025-10-02 14:00:00+00:00,147.228,147.346,147.151,147.332,18939,True
2025-10-02 16:00:00+01:00,2025-10-02 15:00:00+00:00,147.333,147.516,147.331,147.351,14242,True
2025-10-02 17:00:00+01:00,2025-10-02 16:00:00+00:00,147.353,147.368,147.162,147.166,8780,True
2025-10-02 18:00:00+01:00,2025-10-02 17:00:00+00:00,147.168,147.239,147.142,147.185,5681,True
2025-10-02 19:00:00+01:00,2025-10-02 18:00:00+00:00,147.186,147.22,147.164,147.214,4619,True
2025-10-02 20:00:00+01:00,2025-10-02 19:00:00+00:00,147.212,147.254,147.13,147.24,3866,True
2025-10-02 21:00:00+01:00,2025-10-02 20:00:00+00:00,147.242,147.298,147.19,147.264,2496,True
2025-10-02 22:00:00+01:00,2025-10-02 21:00:00+00:00,147.264,147.268,147.222,147.224,809,True
2025-10-02 23:00:00+01:00,2025-10-02 22:00:00+00:00,147.225,147.234,147.166,147.198,1356,True
2025-10-03 00:00:00+01:00,2025-10-02 23:00:00+00:00,147.197,147.207,147.094,147.156,3821,True
2025-10-03 01:00:00+01:00,2025-10-03 00:00:00+00:00,147.156,147.385,147.156,147.352,8755,True
2025-10-03 02:00:00+01:00,2025-10-03 01:00:00+00:00,147.354,147.685,147.183,147.51,14992,True
2025-10-03 03:00:00+01:00,2025-10-03 02:00:00+00:00,147.51,147.688,147.501,147.652,7196,True
2025-10-03 04:00:00+01:00,2025-10-03 03:00:00+00:00,147.654,147.772,147.615,147.63,5866,True
2025-10-03 05:00:00+01:00,2025-10-03 04:00:00+00:00,147.63,147.744,147.594,147.726,3609,True
2025-10-03 06:00:00+01:00,2025-10-03 05:00:00+00:00,147.726,147.819,147.574,147.788,10275,True
2025-10-03 07:00:00+01:00,2025-10-03 06:00:00+00:00,147.788,147.804,147.502,147.605,11690,True
2025-10-03 08:00:00+01:00,2025-10-03 07:00:00+00:00,147.604,147.686,147.41,147.416,11817,True
2025-10-03 09:00:00+01:00,2025-10-03 08:00:00+00:00,147.414,147.442,147.275,147.331,10899,True
2025-10-03 10:00:00+01:00,2025-10-03 09:00:00+00:00,147.332,147.435,147.312,147.371,8133,True
2025-10-03 11:00:00+01:00,2025-10-03 10:00:00+00:00,147.372,147.394,147.312,147.324,5879,True
2025-10-03 12:00:00+01:00,2025-10-03 11:00:00+00:00,147.324,147.423,147.219,147.278,8219,True
2025-10-03 13:00:00+01:00,2025-10-03 12:00:00+00:00,147.277,147.414,147.232,147.268,12644,True
2025-10-03 14:00:00+01:00,2025-10-03 13:00:00+00:00,147.267,147.386,147.217,147.36,14984,True
2025-10-03 15:00:00+01:00,2025-10-03 14:00:00+00:00,147.359,147.522,147.06,147.448,28031,True
2025-10-03 16:00:00+01:00,2025-10-03 15:00:00+00:00,147.448,147.494,147.308,147.338,14445,True
2025-10-03 17:00:00+01:00,2025-10-03 16:00:00+00:00,147.337,147.537,147.33,147.506,8615,True
2025-10-03 18:00:00+01:00,2025-10-03 17:00:00+00:00,147.506,147.516,147.408,147.506,7886,True
2025-10-03 19:00:00+01:00,2025-10-03 18:00:00+00:00,147.507,147.547,147.468,147.5,7427,True
2025-10-03 20:00:00+01:00,2025-10-03 19:00:00+00:00,147.5,147.526,147.456,147.458,4920,True
2025-10-03 21:00:00+01:00,2025-10-03 20:00:00+00:00,147.46,147.52,147.384,147.49,4856,True
2025-10-05 22:00:00+01:00,2025-10-05 21:00:00+00:00,149.42,149.444,149.128,149.136,2419,True
2025-10-05 23:00:00+01:00,2025-10-05 22:00:00+00:00,149.134,149.396,149.046,149.332,13092,True
2025-10-06 00:00:00+01:00,2025-10-05 23:00:00+00:00,149.331,149.662,149.24,149.583,17094,True
2025-10-06 01:00:00+01:00,2025-10-06 00:00:00+00:00,149.578,149.867,149.45,149.708,25285,True
2025-10-06 02:00:00+01:00,2025-10-06 01:00:00+00:00,149.709,149.832,149.585,149.774,18944,True
2025-10-06 03:00:00+01:00,2025-10-06 02:00:00+00:00,149.774,149.922,149.716,149.874,9471,True
2025-10-06 04:00:00+01:00,2025-10-06 03:00:00+00:00,149.876,150.107,149.821,150.064,9805,True
2025-10-06 05:00:00+01:00,2025-10-06 04:00:00+00:00,150.065,150.346,149.849,150.316,14793,True
2025-10-06 06:00:00+01:00,2025-10-06 05:00:00+00:00,150.316,150.442,150.226,150.26,11490,True
2025-10-06 07:00:00+01:00,2025-10-06 06:00:00+00:00,150.259,150.353,150.01,150.035,20224,True
2025-10-06 08:00:00+01:00,2025-10-06 07:00:00+00:00,150.036,150.22,149.952,150.031,26925,True
2025-10-06 09:00:00+01:00,2025-10-06 08:00:00+00:00,150.03,150.401,149.998,150.367,18948,True
2025-10-06 10:00:00+01:00,2025-10-06 09:00:00+00:00,150.37,150.477,150.301,150.376,12554,True
2025-10-06 11:00:00+01:00,2025-10-06 10:00:00+00:00,150.377,150.435,150.278,150.284,11459,True
2025-10-06 12:00:00+01:00,2025-10-06 11:00:00+00:00,150.284,150.407,150.22,150.372,13780,True
2025-10-06 13:00:00+01:00,2025-10-06 12:00:00+00:00,150.372,150.39,149.753,149.784,32300,True
2025-10-06 14:00:00+01:00,2025-10-06 13:00:00+00:00,149.784,150.088,149.756,149.934,20040,True
2025-10-06 15:00:00+01:00,2025-10-06 14:00:00+00:00,149.935,150.116,149.803,149.963,20258,True
2025-10-06 16:00:00+01:00,2025-10-06 15:00:00+00:00,149.964,150.114,149.924,150.028,14953,True
2025-10-06 17:00:00+01:00,2025-10-06 16:00:00+00:00,150.028,150.174,149.958,150.163,8169,True
2025-10-06 18:00:00+01:00,2025-10-06 17:00:00+00:00,150.162,150.241,150.081,150.208,5784,True
2025-10-06 19:00:00+01:00,2025-10-06 18:00:00+00:00,150.208,150.322,150.162,150.3,6103,True
2025-10-06 20:00:00+01:00,2025-10-06 19:00:00+00:00,150.3,150.337,150.227,150.324,5847,True
2025-10-06 21:00:00+01:00,2025-10-06 20:00:00+00:00,150.324,150.4,150.287,150.351,2663,True
2025-10-06 22:00:00+01:00,2025-10-06 21:00:00+00:00,150.314,150.35,150.25,150.271,707,True
2025-10-06 23:00:00+01:00,2025-10-06 22:00:00+00:00,150.268,150.39,150.267,150.321,4579,True
2025-10-07 00:00:00+01:00,2025-10-06 23:00:00+00:00,150.316,150.397,150.266,150.364,6269,True
2025-10-07 01:00:00+01:00,2025-10-07 00:00:00+00:00,150.365,150.62,150.36,150.49,13503,True
2025-10-07 02:00:00+01:00,2025-10-07 01:00:00+00:00,150.492,150.616,150.368,150.508,9064,True
2025-10-07 03:00:00+01:00,2025-10-07 02:00:00+00:00,150.508,150.536,150.34,150.532,6938,True
2025-10-07 04:00:00+01:00,2025-10-07 03:00:00+00:00,150.532,150.534,150.362,150.364,6135,True
2025-10-07 05:00:00+01:00,2025-10-07 04:00:00+00:00,150.364,150.446,150.25,150.415,6775,True
2025-10-07 06:00:00+01:00,2025-10-07 05:00:00+00:00,150.414,150.545,150.402,150.498,8622,True
2025-10-07 07:00:00+01:00,2025-10-07 06:00:00+00:00,150.5,150.701,150.498,150.624,14747,True
2025-10-07 08:00:00+01:00,2025-10-07 07:00:00+00:00,150.626,150.713,150.539,150.625,14480,True
2025-10-07 09:00:00+01:00,2025-10-07 08:00:00+00:00,150.626,150.833,150.526,150.794,10075,True
2025-10-07 10:00:00+01:00,2025-10-07 09:00:00+00:00,150.793,150.832,150.728,150.756,8732,True
2025-10-07 11:00:00+01:00,2025-10-07 10:00:00+00:00,150.756,150.798,150.708,150.773,7746,True
2025-10-07 12:00:00+01:00,2025-10-07 11:00:00+00:00,150.774,150.952,150.764,150.897,7065,True
2025-10-07 13:00:00+01:00,2025-10-07 12:00:00+00:00,150.898,151.034,150.804,150.834,13477,True
2025-10-07 14:00:00+01:00,2025-10-07 13:00:00+00:00,150.834,150.942,150.735,150.937,15230,True
2025-10-07 15:00:00+01:00,2025-10-07 14:00:00+00:00,150.938,151.206,150.911,151.178,15443,True
2025-10-07 16:00:00+01:00,2025-10-07 15:00:00+00:00,151.176,151.206,150.983,151.176,16477,True
2025-10-07 17:00:00+01:00,2025-10-07 16:00:00+00:00,151.176,151.41,151.1,151.33,11737,True
2025-10-07 18:00:00+01:00,2025-10-07 17:00:00+00:00,151.328,151.535,151.252,151.52,10561,True
2025-10-07 19:00:00+01:00,2025-10-07 18:00:00+00:00,151.518,151.938,151.495,151.824,10202,True
2025-10-07 20:00:00+01:00,2025-10-07 19:00:00+00:00,151.825,151.956,151.742,151.905,7188,True
2025-10-07 21:00:00+01:00,2025-10-07 20:00:00+00:00,151.908,152.046,151.887,151.9,3458,True
2025-10-07 22:00:00+01:00,2025-10-07 21:00:00+00:00,151.932,151.946,151.849,151.884,871,True
2025-10-07 23:00:00+01:00,2025-10-07 22:00:00+00:00,151.886,151.899,151.74,151.82,2244,True
2025-10-08 00:00:00+01:00,2025-10-07 23:00:00+00:00,151.822,152.097,151.796,152.059,8768,True
2025-10-08 01:00:00+01:00,2025-10-08 00:00:00+00:00,152.061,152.378,152.058,152.306,16005,True
2025-10-08 02:00:00+01:00,2025-10-08 01:00:00+00:00,152.308,152.605,152.275,152.604,17071,True
2025-10-08 03:00:00+01:00,2025-10-08 02:00:00+00:00,152.603,152.648,152.302,152.488,11253,True
2025-10-08 04:00:00+01:00,2025-10-08 03:00:00+00:00,152.488,152.566,152.403,152.412,4663,True
2025-10-08 05:00:00+01:00,2025-10-08 04:00:00+00:00,152.415,152.494,152.31,152.365,5365,True
2025-10-08 06:00:00+01:00,2025-10-08 05:00:00+00:00,152.365,152.44,152.288,152.406,6423,True
2025-10-08 07:00:00+01:00,2025-10-08 06:00:00+00:00,152.404,152.523,152.253,152.345,19679,True
2025-10-08 08:00:00+01:00,2025-10-08 07:00:00+00:00,152.344,152.555,152.332,152.546,19567,True
2025-10-08 09:00:00+01:00,2025-10-08 08:00:00+00:00,152.546,152.788,152.374,152.745,15751,True
2025-10-08 10:00:00+01:00,2025-10-08 09:00:00+00:00,152.744,153.003,152.718,152.972,13571,True
2025-10-08 11:00:00+01:00,2025-10-08 10:00:00+00:00,152.974,153.001,152.652,152.73,8718,True
2025-10-08 12:00:00+01:00,2025-10-08 11:00:00+00:00,152.73,152.85,152.644,152.694,9262,True
2025-10-08 13:00:00+01:00,2025-10-08 12:00:00+00:00,152.694,152.748,152.438,152.509,16463,True
2025-10-08 14:00:00+01:00,2025-10-08 13:00:00+00:00,152.508,152.664,152.374,152.594,18594,True
2025-10-08 15:00:00+01:00,2025-10-08 14:00:00+00:00,152.592,152.674,152.434,152.517,16463,True
2025-10-08 16:00:00+01:00,2025-10-08 15:00:00+00:00,152.518,152.792,152.514,152.724,11030,True
2025-10-08 17:00:00+01:00,2025-10-08 16:00:00+00:00,152.72,152.8,152.692,152.758,8296,True
2025-10-08 18:00:00+01:00,2025-10-08 17:00:00+00:00,152.758,152.888,152.746,152.877,5024,True
2025-10-08 19:00:00+01:00,2025-10-08 18:00:00+00:00,152.878,152.948,152.647,152.722,11260,True
2025-10-08 20:00:00+01:00,2025-10-08 19:00:00+00:00,152.718,152.755,152.642,152.71,6319,True
2025-10-08 21:00:00+01:00,2025-10-08 20:00:00+00:00,152.71,152.738,152.654,152.697,3152,True
2025-10-08 22:00:00+01:00,2025-10-08 21:00:00+00:00,152.72,152.72,152.591,152.664,396,True
2025-10-08 23:00:00+01:00,2025-10-08 22:00:00+00:00,152.664,152.675,152.494,152.532,2183,True
2025-10-09 00:00:00+01:00,2025-10-08 23:00:00+00:00,152.53,152.72,152.464,152.712,8132,True
2025-10-09 01:00:00+01:00,2025-10-09 00:00:00+00:00,152.712,152.742,152.456,152.706,15734,True
2025-10-09 02:00:00+01:00,2025-10-09 01:00:00+00:00,152.706,152.769,152.408,152.522,18538,True
2025-10-09 03:00:00+01:00,2025-10-09 02:00:00+00:00,152.52,152.608,152.41,152.464,8233,True
2025-10-09 04:00:00+01:00,2025-10-09 03:00:00+00:00,152.465,152.582,152.456,152.512,6186,True
2025-10-09 05:00:00+01:00,2025-10-09 04:00:00+00:00,152.513,152.601,152.452,152.468,4939,True
2025-10-09 06:00:00+01:00,2025-10-09 05:00:00+00:00,152.47,152.658,152.468,152.636,6379,True
2025-10-09 07:00:00+01:00,2025-10-09 06:00:00+00:00,152.636,153.139,152.636,152.978,20254,True
2025-10-09 08:00:00+01:00,2025-10-09 07:00:00+00:00,152.975,153.222,152.852,153.067,18359,True
2025-10-09 09:00:00+01:00,2025-10-09 08:00:00+00:00,153.066,153.138,152.76,152.8,14040,True
2025-10-09 10:00:00+01:00,2025-10-09 09:00:00+00:00,152.8,152.858,152.472,152.556,20684,True
2025-10-09 11:00:00+01:00,2025-10-09 10:00:00+00:00,152.554,152.75,152.498,152.662,8512,True
2025-10-09 12:00:00+01:00,2025-10-09 11:00:00+00:00,152.662,152.84,152.656,152.796,9749,True
2025-10-09 13:00:00+01:00,2025-10-09 12:00:00+00:00,152.796,152.847,152.652,152.748,15650,True
2025-10-09 14:00:00+01:00,2025-10-09 13:00:00+00:00,152.747,152.955,152.116,152.866,35746,True
2025-10-09 15:00:00+01:00,2025-10-09 14:00:00+00:00,152.866,153.184,152.865,153.043,17767,True
2025-10-09 16:00:00+01:00,2025-10-09 15:00:00+00:00,153.045,153.236,152.948,153.052,17341,True
2025-10-09 17:00:00+01:00,2025-10-09 16:00:00+00:00,153.052,153.15,152.992,153.004,15373,True
2025-10-09 18:00:00+01:00,2025-10-09 17:00:00+00:00,153.004,153.102,152.91,153.052,14919,True
2025-10-09 19:00:00+01:00,2025-10-09 18:00:00+00:00,153.053,153.212,153.002,153.18,8795,True
2025-10-09 20:00:00+01:00,2025-10-09 19:00:00+00:00,153.178,153.18,153.05,153.068,7417,True
2025-10-09 21:00:00+01:00,2025-10-09 20:00:00+00:00,153.07,153.105,153.006,153.084,3414,True
2025-10-09 22:00:00+01:00,2025-10-09 21:00:00+00:00,152.957,153.1,152.948,153.068,489,True
2025-10-09 23:00:00+01:00,2025-10-09 22:00:00+00:00,153.069,153.088,152.994,153.034,1994,True
2025-10-10 00:00:00+01:00,2025-10-09 23:00:00+00:00,153.033,153.278,152.966,153.03,8944,True
2025-10-10 01:00:00+01:00,2025-10-10 00:00:00+00:00,153.03,153.166,152.946,152.958,13948,True
2025-10-10 02:00:00+01:00,2025-10-10 01:00:00+00:00,152.956,153.052,152.839,153.022,10725,True
2025-10-10 03:00:00+01:00,2025-10-10 02:00:00+00:00,153.022,153.036,152.868,152.916,7049,True
2025-10-10 04:00:00+01:00,2025-10-10 03:00:00+00:00,152.917,152.937,152.647,152.667,8325,True
2025-10-10 05:00:00+01:00,2025-10-10 04:00:00+00:00,152.668,152.833,152.639,152.755,7336,True
2025-10-10 06:00:00+01:00,2025-10-10 05:00:00+00:00,152.754,152.852,152.688,152.834,8569,True
2025-10-10 07:00:00+01:00,2025-10-10 06:00:00+00:00,152.834,152.919,152.38,152.535,22333,True
2025-10-10 08:00:00+01:00,2025-10-10 07:00:00+00:00,152.534,152.952,152.49,152.851,24906,True
2025-10-10 09:00:00+01:00,2025-10-10 08:00:00+00:00,152.85,152.937,152.592,152.646,16924,True
2025-10-10 10:00:00+01:00,2025-10-10 09:00:00+00:00,152.645,152.85,152.614,152.794,11400,True
2025-10-10 11:00:00+01:00,2025-10-10 10:00:00+00:00,152.79,152.814,152.634,152.722,10087,True
2025-10-10 12:00:00+01:00,2025-10-10 11:00:00+00:00,152.722,152.758,152.544,152.635,12006,True
2025-10-10 13:00:00+01:00,2025-10-10 12:00:00+00:00,152.634,152.654,152.518,152.556,12202,True
2025-10-10 14:00:00+01:00,2025-10-10 13:00:00+00:00,152.558,152.694,152.532,152.665,15242,True
2025-10-10 15:00:00+01:00,2025-10-10 14:00:00+00:00,152.666,152.717,152.42,152.46,17451,True
2025-10-10 16:00:00+01:00,2025-10-10 15:00:00+00:00,152.456,152.457,151.506,151.946,53898,True
2025-10-10 17:00:00+01:00,2025-10-10 16:00:00+00:00,151.945,152.188,151.844,151.89,25732,True
2025-10-10 18:00:00+01:00,2025-10-10 17:00:00+00:00,151.888,151.949,151.72,151.87,15659,True
2025-10-10 19:00:00+01:00,2025-10-10 18:00:00+00:00,151.87,151.902,151.634,151.718,10870,True
2025-10-10 20:00:00+01:00,2025-10-10 19:00:00+00:00,151.718,151.808,151.533,151.591,9048,True
2025-10-10 21:00:00+01:00,2025-10-10 20:00:00+00:00,151.59,151.73,151.168,151.174,9510,True
2025-10-12 22:00:00+01:00,2025-10-12 21:00:00+00:00,151.882,151.924,151.806,151.81,901,True
2025-10-12 23:00:00+01:00,2025-10-12 22:00:00+00:00,151.812,152.28,151.81,151.937,10641,True
2025-10-13 00:00:00+01:00,2025-10-12 23:00:00+00:00,151.934,152.086,151.739,152.068,16834,True
2025-10-13 01:00:00+01:00,2025-10-13 00:00:00+00:00,152.067,152.076,151.804,151.846,18122,True
2025-10-13 02:00:00+01:00,2025-10-13 01:00:00+00:00,151.846,151.984,151.811,151.958,17317,True
2025-10-13 03:00:00+01:00,2025-10-13 02:00:00+00:00,151.958,151.987,151.852,151.938,8999,True
2025-10-13 04:00:00+01:00,2025-10-13 03:00:00+00:00,151.936,152.017,151.902,151.934,7452,True
2025-10-13 05:00:00+01:00,2025-10-13 04:00:00+00:00,151.934,151.97,151.812,151.912,7436,True
2025-10-13 06:00:00+01:00,2025-10-13 05:00:00+00:00,151.908,151.915,151.767,151.878,9679,True
2025-10-13 07:00:00+01:00,2025-10-13 06:00:00+00:00,151.877,152.029,151.724,151.944,18384,True
2025-10-13 08:00:00+01:00,2025-10-13 07:00:00+00:00,151.944,152.376,151.913,152.3,21657,True
2025-10-13 09:00:00+01:00,2025-10-13 08:00:00+00:00,152.304,152.452,152.254,152.344,15594,True
2025-10-13 10:00:00+01:00,2025-10-13 09:00:00+00:00,152.343,152.372,152.162,152.172,10899,True
2025-10-13 11:00:00+01:00,2025-10-13 10:00:00+00:00,152.172,152.234,152.128,152.174,8611,True
2025-10-13 12:00:00+01:00,2025-10-13 11:00:00+00:00,152.175,152.176,151.978,152.108,17095,True
2025-10-13 13:00:00+01:00,2025-10-13 12:00:00+00:00,152.108,152.268,152.052,152.214,15298,True
2025-10-13 14:00:00+01:00,2025-10-13 13:00:00+00:00,152.213,152.263,152.106,152.19,15850,True
2025-10-13 15:00:00+01:00,2025-10-13 14:00:00+00:00,152.192,152.45,152.183,152.375,17942,True
2025-10-13 16:00:00+01:00,2025-10-13 15:00:00+00:00,152.376,152.393,152.244,152.26,12214,True
2025-10-13 17:00:00+01:00,2025-10-13 16:00:00+00:00,152.26,152.304,152.198,152.282,6775,True
2025-10-13 18:00:00+01:00,2025-10-13 17:00:00+00:00,152.28,152.351,152.234,152.264,6237,True
2025-10-13 19:00:00+01:00,2025-10-13 18:00:00+00:00,152.265,152.336,152.219,152.287,5386,True
2025-10-13 20:00:00+01:00,2025-10-13 19:00:00+00:00,152.288,152.33,152.254,152.328,5240,True
2025-10-13 21:00:00+01:00,2025-10-13 20:00:00+00:00,152.328,152.352,152.296,152.3,3217,True
2025-10-13 22:00:00+01:00,2025-10-13 21:00:00+00:00,152.221,152.271,152.202,152.248,1069,True
2025-10-13 23:00:00+01:00,2025-10-13 22:00:00+00:00,152.248,152.349,152.192,152.346,1907,True
2025-10-14 00:00:00+01:00,2025-10-13 23:00:00+00:00,152.345,152.465,152.281,152.46,5647,True
2025-10-14 01:00:00+01:00,2025-10-14 00:00:00+00:00,152.46,152.614,152.429,152.466,14639,True
2025-10-14 02:00:00+01:00,2025-10-14 01:00:00+00:00,152.467,152.5,152.355,152.46,12259,True
2025-10-14 03:00:00+01:00,2025-10-14 02:00:00+00:00,152.46,152.485,152.362,152.381,6900,True
2025-10-14 04:00:00+01:00,2025-10-14 03:00:00+00:00,152.382,152.396,152.049,152.149,9668,True
2025-10-14 05:00:00+01:00,2025-10-14 04:00:00+00:00,152.148,152.15,151.782,151.86,18716,True
2025-10-14 06:00:00+01:00,2025-10-14 05:00:00+00:00,151.86,151.946,151.67,151.716,16651,True
2025-10-14 07:00:00+01:00,2025-10-14 06:00:00+00:00,151.712,151.978,151.618,151.896,22398,True
2025-10-14 08:00:00+01:00,2025-10-14 07:00:00+00:00,151.896,152.076,151.673,151.962,25886,True
2025-10-14 09:00:00+01:00,2025-10-14 08:00:00+00:00,151.961,152.128,151.934,151.976,15824,True
2025-10-14 10:00:00+01:00,2025-10-14 09:00:00+00:00,151.977,152.155,151.975,152.112,10817,True
2025-10-14 11:00:00+01:00,2025-10-14 10:00:00+00:00,152.112,152.124,151.916,151.949,10971,True
2025-10-14 12:00:00+01:00,2025-10-14 11:00:00+00:00,151.95,152.13,151.941,152.096,10547,True
2025-10-14 13:00:00+01:00,2025-10-14 12:00:00+00:00,152.096,152.13,151.863,152.047,18179,True
2025-10-14 14:00:00+01:00,2025-10-14 13:00:00+00:00,152.048,152.164,151.822,152.0,27648,True
2025-10-14 15:00:00+01:00,2025-10-14 14:00:00+00:00,152.001,152.106,151.832,151.832,21636,True
2025-10-14 16:00:00+01:00,2025-10-14 15:00:00+00:00,151.831,151.94,151.742,151.782,21566,True
2025-10-14 17:00:00+01:00,2025-10-14 16:00:00+00:00,151.782,151.92,151.669,151.74,18162,True
2025-10-14 18:00:00+01:00,2025-10-14 17:00:00+00:00,151.742,151.87,151.677,151.73,11261,True
2025-10-14 19:00:00+01:00,2025-10-14 18:00:00+00:00,151.73,151.804,151.699,151.764,8846,True
2025-10-14 20:00:00+01:00,2025-10-14 19:00:00+00:00,151.763,151.777,151.604,151.689,12112,True
2025-10-14 21:00:00+01:00,2025-10-14 20:00:00+00:00,151.688,151.826,151.688,151.81,3741,True
2025-10-14 22:00:00+01:00,2025-10-14 21:00:00+00:00,151.802,151.811,151.733,151.751,606,True
2025-10-14 23:00:00+01:00,2025-10-14 22:00:00+00:00,151.752,151.878,151.748,151.81,2625,True
2025-10-15 00:00:00+01:00,2025-10-14 23:00:00+00:00,151.81,151.854,151.694,151.706,6109,True
2025-10-15 01:00:00+01:00,2025-10-15 00:00:00+00:00,151.707,151.833,151.499,151.557,17508,True
2025-10-15 02:00:00+01:00,2025-10-15 01:00:00+00:00,151.556,151.604,151.299,151.304,14838,True
2025-10-15 03:00:00+01:00,2025-10-15 02:00:00+00:00,151.302,151.318,151.036,151.059,12255,True
2025-10-15 04:00:00+01:00,2025-10-15 03:00:00+00:00,151.058,151.17,151.004,151.14,7850,True
2025-10-15 05:00:00+01:00,2025-10-15 04:00:00+00:00,151.139,151.25,151.091,151.25,6352,True
2025-10-15 06:00:00+01:00,2025-10-15 05:00:00+00:00,151.255,151.273,151.111,151.206,8673,True
2025-10-15 07:00:00+01:00,2025-10-15 06:00:00+00:00,151.207,151.207,150.9,151.04,15086,True
2025-10-15 08:00:00+01:00,2025-10-15 07:00:00+00:00,151.04,151.3,150.985,151.248,16479,True
2025-10-15 09:00:00+01:00,2025-10-15 08:00:00+00:00,151.248,151.396,151.126,151.22,14800,True
2025-10-15 10:00:00+01:00,2025-10-15 09:00:00+00:00,151.221,151.434,151.22,151.346,11868,True
2025-10-15 11:00:00+01:00,2025-10-15 10:00:00+00:00,151.345,151.495,151.337,151.368,9943,True
2025-10-15 12:00:00+01:00,2025-10-15 11:00:00+00:00,151.366,151.512,151.32,151.501,9675,True
2025-10-15 13:00:00+01:00,2025-10-15 12:00:00+00:00,151.5,151.69,151.456,151.639,21635,True
2025-10-15 14:00:00+01:00,2025-10-15 13:00:00+00:00,151.638,151.738,151.398,151.404,21547,True
2025-10-15 15:00:00+01:00,2025-10-15 14:00:00+00:00,151.402,151.514,151.318,151.402,15175,True
2025-10-15 16:00:00+01:00,2025-10-15 15:00:00+00:00,151.402,151.462,151.038,151.222,18127,True
2025-10-15 17:00:00+01:00,2025-10-15 16:00:00+00:00,151.222,151.322,151.176,151.196,12087,True
2025-10-15 18:00:00+01:00,2025-10-15 17:00:00+00:00,151.196,151.344,151.067,151.332,15251,True
2025-10-15 19:00:00+01:00,2025-10-15 18:00:00+00:00,151.333,151.392,151.214,151.335,9717,True
2025-10-15 20:00:00+01:00,2025-10-15 19:00:00+00:00,151.335,151.346,151.234,151.256,6246,True
2025-10-15 21:00:00+01:00,2025-10-15 20:00:00+00:00,151.256,151.276,151.058,151.071,5741,True
2025-10-15 22:00:00+01:00,2025-10-15 21:00:00+00:00,151.084,151.211,151.022,151.075,684,True
2025-10-15 23:00:00+01:00,2025-10-15 22:00:00+00:00,151.088,151.093,150.754,150.917,3854,True
2025-10-16 00:00:00+01:00,2025-10-15 23:00:00+00:00,150.916,151.04,150.884,150.99,6560,True
2025-10-16 01:00:00+01:00,2025-10-16 00:00:00+00:00,150.992,151.094,150.514,150.71,20859,True
2025-10-16 02:00:00+01:00,2025-10-16 01:00:00+00:00,150.709,150.774,150.51,150.598,16272,True
2025-10-16 03:00:00+01:00,2025-10-16 02:00:00+00:00,150.597,150.782,150.57,150.777,9224,True
2025-10-16 04:00:00+01:00,2025-10-16 03:00:00+00:00,150.778,150.888,150.73,150.872,7147,True
2025-10-16 05:00:00+01:00,2025-10-16 04:00:00+00:00,150.872,151.114,150.866,151.04,6724,True
2025-10-16 06:00:00+01:00,2025-10-16 05:00:00+00:00,151.041,151.194,151.018,151.059,11760,True
2025-10-16 07:00:00+01:00,2025-10-16 06:00:00+00:00,151.061,151.272,150.96,151.202,17095,True
2025-10-16 08:00:00+01:00,2025-10-16 07:00:00+00:00,151.198,151.386,150.941,151.246,18057,True
2025-10-16 09:00:00+01:00,2025-10-16 08:00:00+00:00,151.245,151.289,151.06,151.244,14472,True
2025-10-16 10:00:00+01:00,2025-10-16 09:00:00+00:00,151.246,151.399,151.244,151.292,10857,True
2025-10-16 11:00:00+01:00,2025-10-16 10:00:00+00:00,151.292,151.302,151.163,151.18,8529,True
2025-10-16 12:00:00+01:00,2025-10-16 11:00:00+00:00,151.179,151.376,151.162,151.244,10449,True
2025-10-16 13:00:00+01:00,2025-10-16 12:00:00+00:00,151.241,151.286,151.034,151.102,16267,True
2025-10-16 14:00:00+01:00,2025-10-16 13:00:00+00:00,151.1,151.29,151.022,151.102,25513,True
2025-10-16 15:00:00+01:00,2025-10-16 14:00:00+00:00,151.102,151.123,150.754,150.776,22211,True
2025-10-16 16:00:00+01:00,2025-10-16 15:00:00+00:00,150.776,150.87,150.722,150.756,18620,True
2025-10-16 17:00:00+01:00,2025-10-16 16:00:00+00:00,150.756,150.796,150.234,150.4,29848,True
2025-10-16 18:00:00+01:00,2025-10-16 17:00:00+00:00,150.4,150.474,150.254,150.334,26185,True
2025-10-16 19:00:00+01:00,2025-10-16 18:00:00+00:00,150.334,150.423,150.222,150.337,17733,True
2025-10-16 20:00:00+01:00,2025-10-16 19:00:00+00:00,150.335,150.431,150.212,150.399,13069,True
2025-10-16 21:00:00+01:00,2025-10-16 20:00:00+00:00,150.398,150.458,150.346,150.434,4890,True
2025-10-16 22:00:00+01:00,2025-10-16 21:00:00+00:00,150.415,150.45,150.356,150.42,539,True
2025-10-16 23:00:00+01:00,2025-10-16 22:00:00+00:00,150.415,150.452,150.25,150.266,4431,True
2025-10-17 00:00:00+01:00,2025-10-16 23:00:00+00:00,150.264,150.296,150.053,150.148,8916,True
2025-10-17 01:00:00+01:00,2025-10-17 00:00:00+00:00,150.148,150.232,150.047,150.23,16986,True
2025-10-17 02:00:00+01:00,2025-10-17 01:00:00+00:00,150.231,150.363,150.174,150.316,15199,True
2025-10-17 03:00:00+01:00,2025-10-17 02:00:00+00:00,150.316,150.392,150.061,150.182,11401,True
2025-10-17 04:00:00+01:00,2025-10-17 03:00:00+00:00,150.181,150.181,149.896,150.014,10265,True
2025-10-17 05:00:00+01:00,2025-10-17 04:00:00+00:00,150.015,150.142,149.94,149.964,9068,True
2025-10-17 06:00:00+01:00,2025-10-17 05:00:00+00:00,149.964,149.975,149.738,149.75,12093,True
2025-10-17 07:00:00+01:00,2025-10-17 06:00:00+00:00,149.75,149.979,149.625,149.632,23312,True
2025-10-17 08:00:00+01:00,2025-10-17 07:00:00+00:00,149.631,149.785,149.376,149.704,34978,True
2025-10-17 09:00:00+01:00,2025-10-17 08:00:00+00:00,149.703,149.922,149.584,149.781,22937,True
2025-10-17 10:00:00+01:00,2025-10-17 09:00:00+00:00,149.78,149.904,149.604,149.674,15617,True
2025-10-17 11:00:00+01:00,2025-10-17 10:00:00+00:00,149.675,149.964,149.67,149.93,18674,True
2025-10-17 12:00:00+01:00,2025-10-17 11:00:00+00:00,149.93,150.333,149.874,150.236,28635,True
2025-10-17 13:00:00+01:00,2025-10-17 12:00:00+00:00,150.236,150.544,150.231,150.385,24672,True
2025-10-17 14:00:00+01:00,2025-10-17 13:00:00+00:00,150.386,150.45,150.161,150.36,28286,True
2025-10-17 15:00:00+01:00,2025-10-17 14:00:00+00:00,150.36,150.594,150.35,150.426,28840,True
2025-10-17 16:00:00+01:00,2025-10-17 15:00:00+00:00,150.427,150.455,150.208,150.34,17864,True
2025-10-17 17:00:00+01:00,2025-10-17 16:00:00+00:00,150.34,150.502,150.34,150.409,12711,True
2025-10-17 18:00:00+01:00,2025-10-17 17:00:00+00:00,150.408,150.493,150.366,150.488,10799,True
2025-10-17 19:00:00+01:00,2025-10-17 18:00:00+00:00,150.486,150.535,150.41,150.5,9941,True
2025-10-17 20:00:00+01:00,2025-10-17 19:00:00+00:00,150.5,150.524,150.456,150.484,4693,True
2025-10-17 21:00:00+01:00,2025-10-17 20:00:00+00:00,150.484,150.65,150.474,150.65,4933,True
2025-10-19 22:00:00+01:00,2025-10-19 21:00:00+00:00,150.469,150.493,150.382,150.459,2135,True
2025-10-19 23:00:00+01:00,2025-10-19 22:00:00+00:00,150.464,150.909,150.464,150.84,5555,True
2025-10-20 00:00:00+01:00,2025-10-19 23:00:00+00:00,150.84,150.969,150.816,150.92,8154,True
2025-10-20 01:00:00+01:00,2025-10-20 00:00:00+00:00,150.92,150.983,150.766,150.91,17986,True
2025-10-20 02:00:00+01:00,2025-10-20 01:00:00+00:00,150.908,151.204,150.866,150.97,11848,True
2025-10-20 03:00:00+01:00,2025-10-20 02:00:00+00:00,150.968,150.999,150.812,150.865,7788,True
2025-10-20 04:00:00+01:00,2025-10-20 03:00:00+00:00,150.866,150.888,150.655,150.728,6990,True
2025-10-20 05:00:00+01:00,2025-10-20 04:00:00+00:00,150.727,150.772,150.516,150.6,8424,True
2025-10-20 06:00:00+01:00,2025-10-20 05:00:00+00:00,150.601,150.692,150.498,150.65,8720,True
2025-10-20 07:00:00+01:00,2025-10-20 06:00:00+00:00,150.65,150.746,150.549,150.688,15029,True
2025-10-20 08:00:00+01:00,2025-10-20 07:00:00+00:00,150.688,150.833,150.655,150.746,16010,True
2025-10-20 09:00:00+01:00,2025-10-20 08:00:00+00:00,150.746,150.798,150.574,150.586,14531,True
2025-10-20 10:00:00+01:00,2025-10-20 09:00:00+00:00,150.584,150.772,150.274,150.732,15662,True
2025-10-20 11:00:00+01:00,2025-10-20 10:00:00+00:00,150.734,150.838,150.674,150.714,12111,True
2025-10-20 12:00:00+01:00,2025-10-20 11:00:00+00:00,150.714,150.86,150.674,150.704,9560,True
2025-10-20 13:00:00+01:00,2025-10-20 12:00:00+00:00,150.706,150.778,150.61,150.676,15722,True
2025-10-20 14:00:00+01:00,2025-10-20 13:00:00+00:00,150.677,150.853,150.616,150.768,17059,True
2025-10-20 15:00:00+01:00,2025-10-20 14:00:00+00:00,150.769,150.812,150.412,150.593,15719,True
2025-10-20 16:00:00+01:00,2025-10-20 15:00:00+00:00,150.593,150.624,150.486,150.59,12498,True
2025-10-20 17:00:00+01:00,2025-10-20 16:00:00+00:00,150.592,150.694,150.53,150.682,8171,True
2025-10-20 18:00:00+01:00,2025-10-20 17:00:00+00:00,150.682,150.798,150.668,150.78,5007,True
2025-10-20 19:00:00+01:00,2025-10-20 18:00:00+00:00,150.78,150.828,150.664,150.692,6116,True
2025-10-20 20:00:00+01:00,2025-10-20 19:00:00+00:00,150.692,150.734,150.628,150.699,4637,True
2025-10-20 21:00:00+01:00,2025-10-20 20:00:00+00:00,150.698,150.766,150.684,150.766,2820,True
2025-10-20 22:00:00+01:00,2025-10-20 21:00:00+00:00,150.707,150.723,150.676,150.686,432,True
2025-10-20 23:00:00+01:00,2025-10-20 22:00:00+00:00,150.69,150.766,150.67,150.733,1991,True
2025-10-21 00:00:00+01:00,2025-10-20 23:00:00+00:00,150.732,150.825,150.72,150.825,4529,True
2025-10-21 01:00:00+01:00,2025-10-21 00:00:00+00:00,150.826,150.854,150.472,150.656,16055,True
2025-10-21 02:00:00+01:00,2025-10-21 01:00:00+00:00,150.658,150.997,150.527,150.984,12747,True
2025-10-21 03:00:00+01:00,2025-10-21 02:00:00+00:00,150.984,151.148,150.964,151.124,10456,True
2025-10-21 04:00:00+01:00,2025-10-21 03:00:00+00:00,151.125,151.152,151.004,151.047,7511,True
2025-10-21 05:00:00+01:00,2025-10-21 04:00:00+00:00,151.048,151.244,150.887,151.077,14263,True
2025-10-21 06:00:00+01:00,2025-10-21 05:00:00+00:00,151.078,151.523,150.866,151.518,23562,True
2025-10-21 07:00:00+01:00,2025-10-21 06:00:00+00:00,151.519,151.608,151.224,151.262,16641,True
2025-10-21 08:00:00+01:00,2025-10-21 07:00:00+00:00,151.262,151.264,151.066,151.153,18786,True
2025-10-21 09:00:00+01:00,2025-10-21 08:00:00+00:00,151.154,151.678,151.062,151.612,21220,True
2025-10-21 10:00:00+01:00,2025-10-21 09:00:00+00:00,151.612,151.805,151.596,151.798,13881,True
2025-10-21 11:00:00+01:00,2025-10-21 10:00:00+00:00,151.798,152.052,151.74,151.927,14018,True
2025-10-21 12:00:00+01:00,2025-10-21 11:00:00+00:00,151.928,152.01,151.808,151.95,14796,True
2025-10-21 13:00:00+01:00,2025-10-21 12:00:00+00:00,151.95,152.176,151.894,152.028,19918,True
2025-10-21 14:00:00+01:00,2025-10-21 13:00:00+00:00,152.031,152.091,151.596,151.6,30658,True
2025-10-21 15:00:00+01:00,2025-10-21 14:00:00+00:00,151.598,151.884,151.458,151.869,23499,True
2025-10-21 16:00:00+01:00,2025-10-21 15:00:00+00:00,151.87,151.878,151.68,151.728,13974,True
2025-10-21 17:00:00+01:00,2025-10-21 16:00:00+00:00,151.726,151.952,151.656,151.858,12969,True
2025-10-21 18:00:00+01:00,2025-10-21 17:00:00+00:00,151.857,151.974,151.819,151.926,9386,True
2025-10-21 19:00:00+01:00,2025-10-21 18:00:00+00:00,151.924,151.929,151.877,151.914,5929,True
2025-10-21 20:00:00+01:00,2025-10-21 19:00:00+00:00,151.914,151.973,151.894,151.917,5040,True
2025-10-21 21:00:00+01:00,2025-10-21 20:00:00+00:00,151.918,151.948,151.869,151.926,2532,True
2025-10-21 22:00:00+01:00,2025-10-21 21:00:00+00:00,151.898,151.912,151.886,151.886,334,True
2025-10-21 23:00:00+01:00,2025-10-21 22:00:00+00:00,151.888,151.948,151.868,151.937,1630,True
2025-10-22 00:00:00+01:00,2025-10-21 23:00:00+00:00,151.932,151.962,151.864,151.88,3855,True
2025-10-22 01:00:00+01:00,2025-10-22 00:00:00+00:00,151.882,151.882,151.605,151.63,15471,True
2025-10-22 02:00:00+01:00,2025-10-22 01:00:00+00:00,151.624,151.754,151.488,151.747,12135,True
2025-10-22 03:00:00+01:00,2025-10-22 02:00:00+00:00,151.748,151.762,151.594,151.634,7075,True
2025-10-22 04:00:00+01:00,2025-10-22 03:00:00+00:00,151.634,151.822,151.631,151.798,5542,True
2025-10-22 05:00:00+01:00,2025-10-22 04:00:00+00:00,151.796,151.874,151.756,151.76,6629,True
2025-10-22 06:00:00+01:00,2025-10-22 05:00:00+00:00,151.76,151.874,151.728,151.862,6526,True
2025-10-22 07:00:00+01:00,2025-10-22 06:00:00+00:00,151.864,151.952,151.696,151.739,16108,True
2025-10-22 08:00:00+01:00,2025-10-22 07:00:00+00:00,151.738,151.859,151.621,151.828,16986,True
2025-10-22 09:00:00+01:00,2025-10-22 08:00:00+00:00,151.83,151.913,151.631,151.69,17105,True
2025-10-22 10:00:00+01:00,2025-10-22 09:00:00+00:00,151.69,151.828,151.653,151.82,12618,True
2025-10-22 11:00:00+01:00,2025-10-22 10:00:00+00:00,151.821,151.838,151.72,151.822,11550,True
2025-10-22 12:00:00+01:00,2025-10-22 11:00:00+00:00,151.824,151.896,151.725,151.789,16441,True
2025-10-22 13:00:00+01:00,2025-10-22 12:00:00+00:00,151.79,151.97,151.756,151.93,19313,True
2025-10-22 14:00:00+01:00,2025-10-22 13:00:00+00:00,151.931,152.048,151.87,151.97,21640,True
2025-10-22 15:00:00+01:00,2025-10-22 14:00:00+00:00,151.97,152.01,151.862,151.886,20099,True
2025-10-22 16:00:00+01:00,2025-10-22 15:00:00+00:00,151.886,151.913,151.752,151.792,15084,True
2025-10-22 17:00:00+01:00,2025-10-22 16:00:00+00:00,151.793,151.847,151.506,151.766,19938,True
2025-10-22 18:00:00+01:00,2025-10-22 17:00:00+00:00,151.766,151.812,151.604,151.646,13975,True
2025-10-22 19:00:00+01:00,2025-10-22 18:00:00+00:00,151.646,151.892,151.646,151.88,10034,True
2025-10-22 20:00:00+01:00,2025-10-22 19:00:00+00:00,151.881,152.01,151.854,151.984,8609,True
2025-10-22 21:00:00+01:00,2025-10-22 20:00:00+00:00,151.982,152.013,151.916,151.964,2614,True
2025-10-22 22:00:00+01:00,2025-10-22 21:00:00+00:00,151.944,151.951,151.899,151.902,508,True
2025-10-22 23:00:00+01:00,2025-10-22 22:00:00+00:00,151.902,151.931,151.824,151.906,2420,True
2025-10-23 00:00:00+01:00,2025-10-22 23:00:00+00:00,151.906,151.998,151.902,151.987,5627,True
2025-10-23 01:00:00+01:00,2025-10-23 00:00:00+00:00,151.988,152.264,151.973,152.153,12910,True
2025-10-23 02:00:00+01:00,2025-10-23 01:00:00+00:00,152.152,152.458,152.116,152.418,9048,True
2025-10-23 03:00:00+01:00,2025-10-23 02:00:00+00:00,152.418,152.505,152.384,152.462,5832,True
2025-10-23 04:00:00+01:00,2025-10-23 03:00:00+00:00,152.462,152.486,152.396,152.472,4137,True
2025-10-23 05:00:00+01:00,2025-10-23 04:00:00+00:00,152.473,152.578,152.404,152.415,5365,True
2025-10-23 06:00:00+01:00,2025-10-23 05:00:00+00:00,152.416,152.428,152.321,152.376,5506,True
2025-10-23 07:00:00+01:00,2025-10-23 06:00:00+00:00,152.376,152.65,152.331,152.643,10662,True
2025-10-23 08:00:00+01:00,2025-10-23 07:00:00+00:00,152.642,152.648,152.379,152.498,14692,True
2025-10-23 09:00:00+01:00,2025-10-23 08:00:00+00:00,152.498,152.65,152.456,152.609,9744,True
2025-10-23 10:00:00+01:00,2025-10-23 09:00:00+00:00,152.61,152.667,152.512,152.572,8678,True
2025-10-23 11:00:00+01:00,2025-10-23 10:00:00+00:00,152.573,152.778,152.571,152.772,8493,True
2025-10-23 12:00:00+01:00,2025-10-23 11:00:00+00:00,152.772,152.794,152.664,152.672,7884,True
2025-10-23 13:00:00+01:00,2025-10-23 12:00:00+00:00,152.67,152.72,152.458,152.536,12743,True
2025-10-23 14:00:00+01:00,2025-10-23 13:00:00+00:00,152.538,152.733,152.478,152.688,17374,True
2025-10-23 15:00:00+01:00,2025-10-23 14:00:00+00:00,152.69,152.71,152.58,152.616,17212,True
2025-10-23 16:00:00+01:00,2025-10-23 15:00:00+00:00,152.616,152.764,152.582,152.724,11653,True
2025-10-23 17:00:00+01:00,2025-10-23 16:00:00+00:00,152.725,152.799,152.674,152.72,8059,True
2025-10-23 18:00:00+01:00,2025-10-23 17:00:00+00:00,152.72,152.77,152.614,152.616,7415,True
2025-10-23 19:00:00+01:00,2025-10-23 18:00:00+00:00,152.616,152.651,152.522,152.535,6464,True
2025-10-23 20:00:00+01:00,2025-10-23 19:00:00+00:00,152.536,152.568,152.495,152.564,4449,True
2025-10-23 21:00:00+01:00,2025-10-23 20:00:00+00:00,152.562,152.612,152.558,152.596,3100,True
2025-10-23 22:00:00+01:00,2025-10-23 21:00:00+00:00,152.587,152.626,152.558,152.572,822,True
2025-10-23 23:00:00+01:00,2025-10-23 22:00:00+00:00,152.57,152.596,152.51,152.585,1944,True
2025-10-24 00:00:00+01:00,2025-10-23 23:00:00+00:00,152.584,152.676,152.566,152.612,3436,True
2025-10-24 01:00:00+01:00,2025-10-24 00:00:00+00:00,152.615,152.664,152.474,152.648,9491,True
2025-10-24 02:00:00+01:00,2025-10-24 01:00:00+00:00,152.649,152.904,152.638,152.898,9276,True
2025-10-24 03:00:00+01:00,2025-10-24 02:00:00+00:00,152.9,152.916,152.77,152.89,7714,True
2025-10-24 04:00:00+01:00,2025-10-24 03:00:00+00:00,152.892,152.916,152.713,152.774,5942,True
2025-10-24 05:00:00+01:00,2025-10-24 04:00:00+00:00,152.774,152.914,152.772,152.892,6125,True
2025-10-24 06:00:00+01:00,2025-10-24 05:00:00+00:00,152.892,153.038,152.87,152.958,7901,True
2025-10-24 07:00:00+01:00,2025-10-24 06:00:00+00:00,152.959,153.064,152.918,152.919,10912,True
2025-10-24 08:00:00+01:00,2025-10-24 07:00:00+00:00,152.92,152.954,152.754,152.834,11646,True
2025-10-24 09:00:00+01:00,2025-10-24 08:00:00+00:00,152.833,153.022,152.812,152.95,10355,True
2025-10-24 10:00:00+01:00,2025-10-24 09:00:00+00:00,152.95,152.997,152.902,152.96,8762,True
2025-10-24 11:00:00+01:00,2025-10-24 10:00:00+00:00,152.961,152.985,152.908,152.98,5325,True
2025-10-24 12:00:00+01:00,2025-10-24 11:00:00+00:00,152.981,152.994,152.908,152.938,7226,True
2025-10-24 13:00:00+01:00,2025-10-24 12:00:00+00:00,152.934,152.963,152.235,152.675,28794,True
2025-10-24 14:00:00+01:00,2025-10-24 13:00:00+00:00,152.674,153.021,152.596,152.827,25919,True
2025-10-24 15:00:00+01:00,2025-10-24 14:00:00+00:00,152.825,152.903,152.698,152.77,20244,True
2025-10-24 16:00:00+01:00,2025-10-24 15:00:00+00:00,152.77,152.882,152.707,152.823,11651,True
2025-10-24 17:00:00+01:00,2025-10-24 16:00:00+00:00,152.822,152.877,152.788,152.842,5637,True
2025-10-24 18:00:00+01:00,2025-10-24 17:00:00+00:00,152.842,152.842,152.75,152.81,5095,True
2025-10-24 19:00:00+01:00,2025-10-24 18:00:00+00:00,152.81,152.894,152.799,152.866,4000,True
2025-10-24 20:00:00+01:00,2025-10-24 19:00:00+00:00,152.866,152.896,152.804,152.828,3594,True
2025-10-24 21:00:00+01:00,2025-10-24 20:00:00+00:00,152.829,152.9,152.758,152.882,5663,True
2025-10-26 21:00:00+00:00,2025-10-26 21:00:00+00:00,152.858,153.068,152.841,153.04,1375,True
2025-10-26 22:00:00+00:00,2025-10-26 22:00:00+00:00,153.047,153.148,152.948,153.076,6219,True
2025-10-26 23:00:00+00:00,2025-10-26 23:00:00+00:00,153.074,153.178,153.018,153.074,6019,True
2025-10-27 00:00:00+00:00,2025-10-27 00:00:00+00:00,153.075,153.156,152.833,152.892,13074,True
2025-10-27 01:00:00+00:00,2025-10-27 01:00:00+00:00,152.891,152.993,152.654,152.836,10829,True
2025-10-27 02:00:00+00:00,2025-10-27 02:00:00+00:00,152.837,153.017,152.825,152.982,7043,True
2025-10-27 03:00:00+00:00,2025-10-27 03:00:00+00:00,152.983,153.053,152.954,153.046,5540,True
2025-10-27 04:00:00+00:00,2025-10-27 04:00:00+00:00,153.047,153.166,153.035,153.14,7835,True
2025-10-27 05:00:00+00:00,2025-10-27 05:00:00+00:00,153.141,153.258,153.112,153.127,8063,True
2025-10-27 06:00:00+00:00,2025-10-27 06:00:00+00:00,153.128,153.138,152.832,152.978,11122,True
2025-10-27 07:00:00+00:00,2025-10-27 07:00:00+00:00,152.98,153.032,152.863,153.018,11798,True
2025-10-27 08:00:00+00:00,2025-10-27 08:00:00+00:00,153.019,153.078,152.744,152.822,17612,True
2025-10-27 09:00:00+00:00,2025-10-27 09:00:00+00:00,152.822,152.824,152.702,152.754,12037,True
2025-10-27 10:00:00+00:00,2025-10-27 10:00:00+00:00,152.754,152.85,152.724,152.772,9220,True
2025-10-27 11:00:00+00:00,2025-10-27 11:00:00+00:00,152.771,152.808,152.594,152.64,11880,True
2025-10-27 12:00:00+00:00,2025-10-27 12:00:00+00:00,152.64,152.897,152.566,152.842,14563,True
2025-10-27 13:00:00+00:00,2025-10-27 13:00:00+00:00,152.843,153.196,152.808,153.11,16759,True
2025-10-27 14:00:00+00:00,2025-10-27 14:00:00+00:00,153.11,153.192,153.001,153.005,14469,True
2025-10-27 15:00:00+00:00,2025-10-27 15:00:00+00:00,153.004,153.122,152.986,153.088,11645,True
2025-10-27 16:00:00+00:00,2025-10-27 16:00:00+00:00,153.088,153.093,152.978,152.995,7347,True
2025-10-27 17:00:00+00:00,2025-10-27 17:00:00+00:00,152.996,153.096,152.94,153.061,6677,True
2025-10-27 18:00:00+00:00,2025-10-27 18:00:00+00:00,153.06,153.074,152.762,152.822,6799,True
2025-10-27 19:00:00+00:00,2025-10-27 19:00:00+00:00,152.822,152.954,152.817,152.908,6500,True
2025-10-27 20:00:00+00:00,2025-10-27 20:00:00+00:00,152.908,152.917,152.852,152.88,2379,True
2025-10-27 21:00:00+00:00,2025-10-27 21:00:00+00:00,152.862,152.885,152.819,152.858,651,True
2025-10-27 22:00:00+00:00,2025-10-27 22:00:00+00:00,152.885,152.885,152.738,152.746,2013,True
2025-10-27 23:00:00+00:00,2025-10-27 23:00:00+00:00,152.747,152.781,152.634,152.7,3565,True
2025-10-28 00:00:00+00:00,2025-10-28 00:00:00+00:00,152.701,152.737,152.396,152.498,11336,True
2025-10-28 01:00:00+00:00,2025-10-28 01:00:00+00:00,152.497,152.514,152.268,152.402,11697,True
2025-10-28 02:00:00+00:00,2025-10-28 02:00:00+00:00,152.402,152.473,152.297,152.459,7397,True
2025-10-28 03:00:00+00:00,2025-10-28 03:00:00+00:00,152.46,152.478,152.164,152.279,8119,True
2025-10-28 04:00:00+00:00,2025-10-28 04:00:00+00:00,152.278,152.31,151.852,151.876,12342,True
2025-10-28 05:00:00+00:00,2025-10-28 05:00:00+00:00,151.878,151.973,151.76,151.914,13209,True
2025-10-28 06:00:00+00:00,2025-10-28 06:00:00+00:00,151.914,152.062,151.81,152.022,12303,True
2025-10-28 07:00:00+00:00,2025-10-28 07:00:00+00:00,152.025,152.357,152.025,152.144,16596,True
2025-10-28 08:00:00+00:00,2025-10-28 08:00:00+00:00,152.142,152.162,151.844,151.952,19344,True
2025-10-28 09:00:00+00:00,2025-10-28 09:00:00+00:00,151.952,152.082,151.874,151.916,12313,True
2025-10-28 10:00:00+00:00,2025-10-28 10:00:00+00:00,151.918,151.989,151.824,151.864,10936,True
2025-10-28 11:00:00+00:00,2025-10-28 11:00:00+00:00,151.863,152.085,151.859,152.038,9885,True
2025-10-28 12:00:00+00:00,2025-10-28 12:00:00+00:00,152.036,152.221,152.019,152.133,15347,True
2025-10-28 13:00:00+00:00,2025-10-28 13:00:00+00:00,152.133,152.374,152.13,152.198,18374,True
2025-10-28 14:00:00+00:00,2025-10-28 14:00:00+00:00,152.198,152.266,151.974,151.99,16098,True
2025-10-28 15:00:00+00:00,2025-10-28 15:00:00+00:00,151.988,152.18,151.854,152.143,15728,True
2025-10-28 16:00:00+00:00,2025-10-28 16:00:00+00:00,152.144,152.309,152.112,152.114,14834,True
2025-10-28 17:00:00+00:00,2025-10-28 17:00:00+00:00,152.112,152.196,152.095,152.176,7665,True
2025-10-28 18:00:00+00:00,2025-10-28 18:00:00+00:00,152.176,152.246,152.088,152.104,6340,True
2025-10-28 19:00:00+00:00,2025-10-28 19:00:00+00:00,152.104,152.105,151.948,152.06,5852,True
2025-10-28 20:00:00+00:00,2025-10-28 20:00:00+00:00,152.06,152.132,152.05,152.116,3665,True
2025-10-28 21:00:00+00:00,2025-10-28 21:00:00+00:00,152.119,152.134,152.05,152.091,2734,True
2025-10-28 22:00:00+00:00,2025-10-28 22:00:00+00:00,152.084,152.183,152.078,152.17,2353,True
2025-10-28 23:00:00+00:00,2025-10-28 23:00:00+00:00,152.169,152.198,151.72,151.736,5045,True
2025-10-29 00:00:00+00:00,2025-10-29 00:00:00+00:00,151.736,151.892,151.538,151.635,20230,True
2025-10-29 01:00:00+00:00,2025-10-29 01:00:00+00:00,151.636,151.92,151.554,151.895,16178,True
2025-10-29 02:00:00+00:00,2025-10-29 02:00:00+00:00,151.895,152.145,151.89,151.982,8577,True
2025-10-29 03:00:00+00:00,2025-10-29 03:00:00+00:00,151.98,152.058,151.916,152.056,6523,True
2025-10-29 04:00:00+00:00,2025-10-29 04:00:00+00:00,152.057,152.116,151.96,152.078,7088,True
2025-10-29 05:00:00+00:00,2025-10-29 05:00:00+00:00,152.078,152.546,152.064,152.366,10699,True
2025-10-29 06:00:00+00:00,2025-10-29 06:00:00+00:00,152.365,152.454,152.131,152.148,10298,True
2025-10-29 07:00:00+00:00,2025-10-29 07:00:00+00:00,152.15,152.184,152.002,152.064,12340,True
2025-10-29 08:00:00+00:00,2025-10-29 08:00:00+00:00,152.065,152.336,152.048,152.336,11826,True
2025-10-29 09:00:00+00:00,2025-10-29 09:00:00+00:00,152.336,152.47,152.2,152.234,10963,True
2025-10-29 10:00:00+00:00,2025-10-29 10:00:00+00:00,152.234,152.344,152.208,152.242,7540,True
2025-10-29 11:00:00+00:00,2025-10-29 11:00:00+00:00,152.242,152.41,152.14,152.242,9156,True
2025-10-29 12:00:00+00:00,2025-10-29 12:00:00+00:00,152.243,152.298,152.16,152.242,9744,True
2025-10-29 13:00:00+00:00,2025-10-29 13:00:00+00:00,152.242,152.244,151.865,152.002,15081,True
2025-10-29 14:00:00+00:00,2025-10-29 14:00:00+00:00,152.003,152.17,151.985,152.038,13870,True
2025-10-29 15:00:00+00:00,2025-10-29 15:00:00+00:00,152.037,152.064,151.906,151.914,11907,True
2025-10-29 16:00:00+00:00,2025-10-29 16:00:00+00:00,151.914,152.179,151.898,152.152,11251,True
2025-10-29 17:00:00+00:00,2025-10-29 17:00:00+00:00,152.152,152.319,152.091,152.256,7451,True
2025-10-29 18:00:00+00:00,2025-10-29 18:00:00+00:00,152.256,153.054,152.186,152.826,46542,True
2025-10-29 19:00:00+00:00,2025-10-29 19:00:00+00:00,152.828,153.064,152.755,152.82,23189,True
2025-10-29 20:00:00+00:00,2025-10-29 20:00:00+00:00,152.819,152.88,152.588,152.74,9123,True
2025-10-29 21:00:00+00:00,2025-10-29 21:00:00+00:00,152.694,152.73,152.646,152.67,417,True
2025-10-29 22:00:00+00:00,2025-10-29 22:00:00+00:00,152.666,152.738,152.658,152.699,2535,True
2025-10-29 23:00:00+00:00,2025-10-29 23:00:00+00:00,152.696,152.76,152.588,152.725,4511,True
2025-10-30 00:00:00+00:00,2025-10-30 00:00:00+00:00,152.727,152.948,152.506,152.636,14995,True
2025-10-30 01:00:00+00:00,2025-10-30 01:00:00+00:00,152.637,152.682,152.451,152.544,13954,True
2025-10-30 02:00:00+00:00,2025-10-30 02:00:00+00:00,152.544,152.562,152.316,152.34,7769,True
2025-10-30 03:00:00+00:00,2025-10-30 03:00:00+00:00,152.338,153.137,152.163,152.96,21070,True
2025-10-30 04:00:00+00:00,2025-10-30 04:00:00+00:00,152.958,153.023,152.562,152.769,28957,True
2025-10-30 05:00:00+00:00,2025-10-30 05:00:00+00:00,152.771,153.042,152.678,153.039,14109,True
2025-10-30 06:00:00+00:00,2025-10-30 06:00:00+00:00,153.04,153.525,152.935,153.338,20750,True
2025-10-30 07:00:00+00:00,2025-10-30 07:00:00+00:00,153.34,153.551,153.28,153.406,21597,True
2025-10-30 08:00:00+00:00,2025-10-30 08:00:00+00:00,153.406,153.89,153.404,153.748,14983,True
2025-10-30 09:00:00+00:00,2025-10-30 09:00:00+00:00,153.75,153.803,153.622,153.782,13187,True
2025-10-30 10:00:00+00:00,2025-10-30 10:00:00+00:00,153.782,153.962,153.775,153.958,10246,True
2025-10-30 11:00:00+00:00,2025-10-30 11:00:00+00:00,153.961,154.176,153.864,154.119,13229,True
2025-10-30 12:00:00+00:00,2025-10-30 12:00:00+00:00,154.117,154.294,154.078,154.294,15924,True
2025-10-30 13:00:00+00:00,2025-10-30 13:00:00+00:00,154.296,154.449,154.144,154.199,21572,True
2025-10-30 14:00:00+00:00,2025-10-30 14:00:00+00:00,154.198,154.322,154.055,154.288,21523,True
2025-10-30 15:00:00+00:00,2025-10-30 15:00:00+00:00,154.286,154.341,154.046,154.172,15448,True
2025-10-30 16:00:00+00:00,2025-10-30 16:00:00+00:00,154.174,154.23,154.068,154.1,9521,True
2025-10-30 17:00:00+00:00,2025-10-30 17:00:00+00:00,154.1,154.172,154.05,154.102,6709,True
2025-10-30 18:00:00+00:00,2025-10-30 18:00:00+00:00,154.1,154.151,154.052,154.083,7368,True
2025-10-30 19:00:00+00:00,2025-10-30 19:00:00+00:00,154.084,154.093,154.022,154.078,6050,True
2025-10-30 20:00:00+00:00,2025-10-30 20:00:00+00:00,154.077,154.166,154.039,154.149,3543,True
2025-10-30 21:00:00+00:00,2025-10-30 21:00:00+00:00,154.136,154.142,154.067,154.07,856,True
2025-10-30 22:00:00+00:00,2025-10-30 22:00:00+00:00,154.066,154.142,154.038,154.11,2385,True
2025-10-30 23:00:00+00:00,2025-10-30 23:00:00+00:00,154.11,154.168,153.841,153.908,5783,True
2025-10-31 00:00:00+00:00,2025-10-31 00:00:00+00:00,153.906,154.038,153.824,153.897,10958,True
2025-10-31 01:00:00+00:00,2025-10-31 01:00:00+00:00,153.896,153.922,153.653,153.834,13074,True
2025-10-31 02:00:00+00:00,2025-10-31 02:00:00+00:00,153.834,153.888,153.742,153.887,7011,True
2025-10-31 03:00:00+00:00,2025-10-31 03:00:00+00:00,153.888,154.07,153.852,154.04,5180,True
2025-10-31 04:00:00+00:00,2025-10-31 04:00:00+00:00,154.038,154.058,153.908,153.938,6398,True
2025-10-31 05:00:00+00:00,2025-10-31 05:00:00+00:00,153.938,154.056,153.832,153.912,8137,True
2025-10-31 06:00:00+00:00,2025-10-31 06:00:00+00:00,153.911,154.238,153.885,154.226,9902,True
2025-10-31 07:00:00+00:00,2025-10-31 07:00:00+00:00,154.227,154.398,154.174,154.31,13996,True
2025-10-31 08:00:00+00:00,2025-10-31 08:00:00+00:00,154.313,154.416,154.232,154.248,13355,True
2025-10-31 09:00:00+00:00,2025-10-31 09:00:00+00:00,154.247,154.294,154.114,154.142,8420,True
2025-10-31 10:00:00+00:00,2025-10-31 10:00:00+00:00,154.14,154.187,154.094,154.134,7197,True
2025-10-31 11:00:00+00:00,2025-10-31 11:00:00+00:00,154.134,154.187,154.054,154.104,8185,True
2025-10-31 12:00:00+00:00,2025-10-31 12:00:00+00:00,154.102,154.256,153.894,154.137,14143,True
2025-10-31 13:00:00+00:00,2025-10-31 13:00:00+00:00,154.138,154.232,154.05,154.078,16502,True
2025-10-31 14:00:00+00:00,2025-10-31 14:00:00+00:00,154.079,154.096,153.894,153.946,16370,True
2025-10-31 15:00:00+00:00,2025-10-31 15:00:00+00:00,153.948,154.096,153.916,154.042,16991,True
2025-10-31 16:00:00+00:00,2025-10-31 16:00:00+00:00,154.044,154.174,153.968,154.116,13926,True
2025-10-31 17:00:00+00:00,2025-10-31 17:00:00+00:00,154.116,154.176,154.082,154.096,9112,True
2025-10-31 18:00:00+00:00,2025-10-31 18:00:00+00:00,154.096,154.136,154.036,154.09,6637,True
2025-10-31 19:00:00+00:00,2025-10-31 19:00:00+00:00,154.088,154.138,154.064,154.11,4488,True
2025-10-31 20:00:00+00:00,2025-10-31 20:00:00+00:00,154.108,154.122,153.97,154.017,4328,True
2025-11-02 22:00:00+00:00,2025-11-02 22:00:00+00:00,154.043,154.098,154.037,154.081,871,True
2025-11-02 23:00:00+00:00,2025-11-02 23:00:00+00:00,154.077,154.253,154.022,154.202,7634,True
2025-11-03 00:00:00+00:00,2025-11-03 00:00:00+00:00,154.204,154.218,154.121,154.175,6405,True
2025-11-03 01:00:00+00:00,2025-11-03 01:00:00+00:00,154.174,154.188,154.078,154.117,4870,True
2025-11-03 02:00:00+00:00,2025-11-03 02:00:00+00:00,154.118,154.127,154.038,154.086,4104,True
2025-11-03 03:00:00+00:00,2025-11-03 03:00:00+00:00,154.086,154.097,154.044,154.066,3461,True
2025-11-03 04:00:00+00:00,2025-11-03 04:00:00+00:00,154.066,154.088,153.989,154.074,3627,True
2025-11-03 05:00:00+00:00,2025-11-03 05:00:00+00:00,154.074,154.135,154.06,154.123,4808,True
2025-11-03 06:00:00+00:00,2025-11-03 06:00:00+00:00,154.124,154.245,154.106,154.188,5312,True
2025-11-03 07:00:00+00:00,2025-11-03 07:00:00+00:00,154.188,154.286,154.106,154.11,8350,True
2025-11-03 08:00:00+00:00,2025-11-03 08:00:00+00:00,154.11,154.208,154.053,154.11,10438,True
2025-11-03 09:00:00+00:00,2025-11-03 09:00:00+00:00,154.11,154.17,154.084,154.168,7167,True
2025-11-03 10:00:00+00:00,2025-11-03 10:00:00+00:00,154.168,154.191,154.132,154.171,6351,True
2025-11-03 11:00:00+00:00,2025-11-03 11:00:00+00:00,154.17,154.186,154.098,154.151,5191,True
2025-11-03 12:00:00+00:00,2025-11-03 12:00:00+00:00,154.154,154.192,154.143,154.182,5026,True
2025-11-03 13:00:00+00:00,2025-11-03 13:00:00+00:00,154.183,154.3,154.178,154.252,7287,True
2025-11-03 14:00:00+00:00,2025-11-03 14:00:00+00:00,154.251,154.274,154.076,154.116,9444,True
2025-11-03 15:00:00+00:00,2025-11-03 15:00:00+00:00,154.115,154.162,153.926,154.098,20307,True
2025-11-03 16:00:00+00:00,2025-11-03 16:00:00+00:00,154.1,154.166,154.07,154.132,9650,True
2025-11-03 17:00:00+00:00,2025-11-03 17:00:00+00:00,154.13,154.178,154.063,154.154,6309,True
2025-11-03 18:00:00+00:00,2025-11-03 18:00:00+00:00,154.154,154.24,154.116,154.169,3916,True
2025-11-03 19:00:00+00:00,2025-11-03 19:00:00+00:00,154.168,154.254,154.132,154.194,6571,True
2025-11-03 20:00:00+00:00,2025-11-03 20:00:00+00:00,154.193,154.22,154.175,154.195,5191,True
2025-11-03 21:00:00+00:00,2025-11-03 21:00:00+00:00,154.194,154.222,154.184,154.212,2149,True
2025-11-03 22:00:00+00:00,2025-11-03 22:00:00+00:00,154.25,154.263,154.208,154.221,878,True
2025-11-03 23:00:00+00:00,2025-11-03 23:00:00+00:00,154.223,154.226,154.176,154.214,2270,True
2025-11-04 00:00:00+00:00,2025-11-04 00:00:00+00:00,154.216,154.402,154.2,154.341,10840,True
2025-11-04 01:00:00+00:00,2025-11-04 01:00:00+00:00,154.34,154.486,154.3,154.33,9960,True
2025-11-04 02:00:00+00:00,2025-11-04 02:00:00+00:00,154.33,154.36,154.104,154.108,8784,True
2025-11-04 03:00:00+00:00,2025-11-04 03:00:00+00:00,154.108,154.16,154.056,154.086,7095,True
2025-11-04 04:00:00+00:00,2025-11-04 04:00:00+00:00,154.086,154.101,153.807,154.064,9135,True
2025-11-04 05:00:00+00:00,2025-11-04 05:00:00+00:00,154.064,154.083,153.689,153.735,13326,True
2025-11-04 06:00:00+00:00,2025-11-04 06:00:00+00:00,153.734,153.794,153.495,153.628,16589,True
2025-11-04 07:00:00+00:00,2025-11-04 07:00:00+00:00,153.626,153.636,153.331,153.59,13727,True
2025-11-04 08:00:00+00:00,2025-11-04 08:00:00+00:00,153.59,153.7,153.387,153.65,17432,True
2025-11-04 09:00:00+00:00,2025-11-04 09:00:00+00:00,153.65,153.758,153.407,153.487,14310,True
2025-11-04 10:00:00+00:00,2025-11-04 10:00:00+00:00,153.486,153.603,153.318,153.579,11085,True
2025-11-04 11:00:00+00:00,2025-11-04 11:00:00+00:00,153.575,153.593,153.374,153.572,7866,True
2025-11-04 12:00:00+00:00,2025-11-04 12:00:00+00:00,153.57,153.628,153.506,153.53,12442,True
2025-11-04 13:00:00+00:00,2025-11-04 13:00:00+00:00,153.529,153.544,153.32,153.39,12958,True
2025-11-04 14:00:00+00:00,2025-11-04 14:00:00+00:00,153.39,153.548,153.368,153.48,16238,True
2025-11-04 15:00:00+00:00,2025-11-04 15:00:00+00:00,153.48,153.598,153.34,153.386,15629,True
2025-11-04 16:00:00+00:00,2025-11-04 16:00:00+00:00,153.386,153.554,153.34,153.551,14253,True
2025-11-04 17:00:00+00:00,2025-11-04 17:00:00+00:00,153.55,153.644,153.524,153.592,8512,True
2025-11-04 18:00:00+00:00,2025-11-04 18:00:00+00:00,153.591,153.664,153.546,153.566,8742,True
2025-11-04 19:00:00+00:00,2025-11-04 19:00:00+00:00,153.566,153.641,153.564,153.633,7789,True
2025-11-04 20:00:00+00:00,2025-11-04 20:00:00+00:00,153.634,153.693,153.623,153.628,6893,True
2025-11-04 21:00:00+00:00,2025-11-04 21:00:00+00:00,153.63,153.687,153.602,153.666,4649,True
2025-11-04 22:00:00+00:00,2025-11-04 22:00:00+00:00,153.668,153.674,153.641,153.662,554,True
2025-11-04 23:00:00+00:00,2025-11-04 23:00:00+00:00,153.662,153.698,153.511,153.55,3127,True
2025-11-05 00:00:00+00:00,2025-11-05 00:00:00+00:00,153.551,153.752,153.23,153.239,15127,True
2025-11-05 01:00:00+00:00,2025-11-05 01:00:00+00:00,153.24,153.298,152.958,153.166,20004,True
2025-11-05 02:00:00+00:00,2025-11-05 02:00:00+00:00,153.166,153.326,153.068,153.318,12060,True
2025-11-05 03:00:00+00:00,2025-11-05 03:00:00+00:00,153.317,153.568,153.301,153.513,12160,True
2025-11-05 04:00:00+00:00,2025-11-05 04:00:00+00:00,153.512,153.53,153.392,153.486,9233,True
2025-11-05 05:00:00+00:00,2025-11-05 05:00:00+00:00,153.484,153.567,153.409,153.522,7813,True
2025-11-05 06:00:00+00:00,2025-11-05 06:00:00+00:00,153.522,153.744,153.454,153.668,9375,True
2025-11-05 07:00:00+00:00,2025-11-05 07:00:00+00:00,153.672,153.692,153.45,153.561,12724,True
2025-11-05 08:00:00+00:00,2025-11-05 08:00:00+00:00,153.56,153.666,153.42,153.5,13821,True
2025-11-05 09:00:00+00:00,2025-11-05 09:00:00+00:00,153.498,153.708,153.488,153.692,9129,True
2025-11-05 10:00:00+00:00,2025-11-05 10:00:00+00:00,153.691,153.847,153.621,153.628,9474,True
2025-11-05 11:00:00+00:00,2025-11-05 11:00:00+00:00,153.627,153.711,153.576,153.618,8004,True
2025-11-05 12:00:00+00:00,2025-11-05 12:00:00+00:00,153.618,153.752,153.565,153.712,9588,True
2025-11-05 13:00:00+00:00,2025-11-05 13:00:00+00:00,153.711,153.992,153.692,153.982,14303,True
2025-11-05 14:00:00+00:00,2025-11-05 14:00:00+00:00,153.984,154.037,153.897,153.95,12475,True
2025-11-05 15:00:00+00:00,2025-11-05 15:00:00+00:00,153.954,154.314,153.954,154.306,24034,True
2025-11-05 16:00:00+00:00,2025-11-05 16:00:00+00:00,154.306,154.357,154.107,154.122,11830,True
2025-11-05 17:00:00+00:00,2025-11-05 17:00:00+00:00,154.122,154.14,154.058,154.078,6673,True
2025-11-05 18:00:00+00:00,2025-11-05 18:00:00+00:00,154.077,154.146,154.008,154.126,5223,True
2025-11-05 19:00:00+00:00,2025-11-05 19:00:00+00:00,154.127,154.131,154.061,154.112,5010,True
2025-11-05 20:00:00+00:00,2025-11-05 20:00:00+00:00,154.112,154.138,154.084,154.126,4293,True
2025-11-05 21:00:00+00:00,2025-11-05 21:00:00+00:00,154.126,154.146,154.091,154.114,2636,True
2025-11-05 22:00:00+00:00,2025-11-05 22:00:00+00:00,154.106,154.119,154.047,154.079,1269,True
2025-11-05 23:00:00+00:00,2025-11-05 23:00:00+00:00,154.08,154.093,153.984,154.09,2388,True
2025-11-06 00:00:00+00:00,2025-11-06 00:00:00+00:00,154.09,154.142,153.85,153.888,10031,True
2025-11-06 01:00:00+00:00,2025-11-06 01:00:00+00:00,153.888,153.943,153.803,153.872,8400,True
2025-11-06 02:00:00+00:00,2025-11-06 02:00:00+00:00,153.872,154.003,153.794,153.95,6039,True
2025-11-06 03:00:00+00:00,2025-11-06 03:00:00+00:00,153.948,153.995,153.834,153.872,4390,True
2025-11-06 04:00:00+00:00,2025-11-06 04:00:00+00:00,153.872,154.029,153.862,153.956,3978,True
2025-11-06 05:00:00+00:00,2025-11-06 05:00:00+00:00,153.958,154.008,153.832,153.884,6903,True
2025-11-06 06:00:00+00:00,2025-11-06 06:00:00+00:00,153.885,154.008,153.81,153.985,6365,True
2025-11-06 07:00:00+00:00,2025-11-06 07:00:00+00:00,153.987,153.996,153.774,153.868,7825,True
2025-11-06 08:00:00+00:00,2025-11-06 08:00:00+00:00,153.87,153.872,153.531,153.56,12490,True
2025-11-06 09:00:00+00:00,2025-11-06 09:00:00+00:00,153.56,153.774,153.559,153.722,8015,True
2025-11-06 10:00:00+00:00,2025-11-06 10:00:00+00:00,153.722,153.777,153.704,153.746,5373,True
2025-11-06 11:00:00+00:00,2025-11-06 11:00:00+00:00,153.746,153.764,153.589,153.648,5218,True
2025-11-06 12:00:00+00:00,2025-11-06 12:00:00+00:00,153.648,153.743,153.59,153.608,10654,True
2025-11-06 13:00:00+00:00,2025-11-06 13:00:00+00:00,153.609,153.638,153.401,153.506,10921,True
2025-11-06 14:00:00+00:00,2025-11-06 14:00:00+00:00,153.504,153.588,153.384,153.412,13257,True
2025-11-06 15:00:00+00:00,2025-11-06 15:00:00+00:00,153.413,153.413,153.044,153.045,19279,True
2025-11-06 16:00:00+00:00,2025-11-06 16:00:00+00:00,153.046,153.171,152.973,152.982,14957,True
2025-11-06 17:00:00+00:00,2025-11-06 17:00:00+00:00,152.981,153.068,152.832,153.015,12192,True
2025-11-06 18:00:00+00:00,2025-11-06 18:00:00+00:00,153.013,153.094,152.923,153.055,9036,True
2025-11-06 19:00:00+00:00,2025-11-06 19:00:00+00:00,153.054,153.158,153.03,153.144,6956,True
2025-11-06 20:00:00+00:00,2025-11-06 20:00:00+00:00,153.145,153.147,152.999,153.032,5209,True
2025-11-06 21:00:00+00:00,2025-11-06 21:00:00+00:00,153.035,153.105,153.001,153.072,2987,True
2025-11-06 22:00:00+00:00,2025-11-06 22:00:00+00:00,153.041,153.102,153.035,153.074,2038,True
2025-11-06 23:00:00+00:00,2025-11-06 23:00:00+00:00,153.073,153.078,152.82,152.956,3626,True
2025-11-07 00:00:00+00:00,2025-11-07 00:00:00+00:00,152.954,153.25,152.86,153.184,13721,True
2025-11-07 01:00:00+00:00,2025-11-07 01:00:00+00:00,153.185,153.308,153.05,153.131,12920,True
2025-11-07 02:00:00+00:00,2025-11-07 02:00:00+00:00,153.13,153.178,152.966,153.148,8189,True
2025-11-07 03:00:00+00:00,2025-11-07 03:00:00+00:00,153.145,153.19,153.018,153.061,5862,True
2025-11-07 04:00:00+00:00,2025-11-07 04:00:00+00:00,153.062,153.184,153.016,153.116,7520,True
2025-11-07 05:00:00+00:00,2025-11-07 05:00:00+00:00,153.117,153.368,153.116,153.352,6417,True
2025-11-07 06:00:00+00:00,2025-11-07 06:00:00+00:00,153.354,153.527,153.352,153.511,7465,True
2025-11-07 07:00:00+00:00,2025-11-07 07:00:00+00:00,153.51,153.542,153.384,153.389,9202,True
2025-11-07 08:00:00+00:00,2025-11-07 08:00:00+00:00,153.39,153.516,153.351,153.51,10415,True
2025-11-07 09:00:00+00:00,2025-11-07 09:00:00+00:00,153.512,153.524,153.441,153.494,7231,True
2025-11-07 10:00:00+00:00,2025-11-07 10:00:00+00:00,153.493,153.498,153.322,153.352,6807,True
2025-11-07 11:00:00+00:00,2025-11-07 11:00:00+00:00,153.353,153.362,153.011,153.132,10446,True
2025-11-07 12:00:00+00:00,2025-11-07 12:00:00+00:00,153.132,153.177,153.04,153.099,8569,True
2025-11-07 13:00:00+00:00,2025-11-07 13:00:00+00:00,153.098,153.378,153.01,153.36,13957,True
2025-11-07 14:00:00+00:00,2025-11-07 14:00:00+00:00,153.361,153.478,153.139,153.35,21020,True
2025-11-07 15:00:00+00:00,2025-11-07 15:00:00+00:00,153.351,153.351,153.024,153.138,22936,True
2025-11-07 16:00:00+00:00,2025-11-07 16:00:00+00:00,153.138,153.178,153.015,153.064,15045,True
2025-11-07 17:00:00+00:00,2025-11-07 17:00:00+00:00,153.064,153.225,153.041,153.096,9669,True
2025-11-07 18:00:00+00:00,2025-11-07 18:00:00+00:00,153.095,153.27,153.036,153.26,7953,True
2025-11-07 19:00:00+00:00,2025-11-07 19:00:00+00:00,153.26,153.585,153.223,153.559,11417,True
2025-11-07 20:00:00+00:00,2025-11-07 20:00:00+00:00,153.56,153.596,153.362,153.432,9850,True
2025-11-07 21:00:00+00:00,2025-11-07 21:00:00+00:00,153.432,153.484,153.405,153.41,3613,True
2025-11-09 22:00:00+00:00,2025-11-09 22:00:00+00:00,153.75,153.752,153.578,153.713,1680,True
2025-11-09 23:00:00+00:00,2025-11-09 23:00:00+00:00,153.7,153.87,153.7,153.828,8583,True
2025-11-10 00:00:00+00:00,2025-11-10 00:00:00+00:00,153.828,153.917,153.404,153.857,15844,True
2025-11-10 01:00:00+00:00,2025-11-10 01:00:00+00:00,153.856,153.956,153.777,153.836,11121,True
2025-11-10 02:00:00+00:00,2025-11-10 02:00:00+00:00,153.835,153.904,153.802,153.894,6670,True
2025-11-10 03:00:00+00:00,2025-11-10 03:00:00+00:00,153.895,154.029,153.89,153.938,7009,True
2025-11-10 04:00:00+00:00,2025-11-10 04:00:00+00:00,153.938,153.956,153.786,153.88,7091,True
2025-11-10 05:00:00+00:00,2025-11-10 05:00:00+00:00,153.882,154.074,153.868,153.942,8214,True
2025-11-10 06:00:00+00:00,2025-11-10 06:00:00+00:00,153.941,154.084,153.902,154.029,8738,True
2025-11-10 07:00:00+00:00,2025-11-10 07:00:00+00:00,154.03,154.158,153.952,154.048,10546,True
2025-11-10 08:00:00+00:00,2025-11-10 08:00:00+00:00,154.048,154.182,153.952,154.174,14479,True
2025-11-10 09:00:00+00:00,2025-11-10 09:00:00+00:00,154.174,154.232,154.147,154.16,9373,True
2025-11-10 10:00:00+00:00,2025-11-10 10:00:00+00:00,154.16,154.182,154.064,154.164,6506,True
2025-11-10 11:00:00+00:00,2025-11-10 11:00:00+00:00,154.164,154.25,154.117,154.134,6659,True
2025-11-10 12:00:00+00:00,2025-11-10 12:00:00+00:00,154.133,154.17,154.04,154.12,6987,True
2025-11-10 13:00:00+00:00,2025-11-10 13:00:00+00:00,154.12,154.14,153.985,154.062,9105,True
2025-11-10 14:00:00+00:00,2025-11-10 14:00:00+00:00,154.062,154.166,154.004,154.084,12577,True
2025-11-10 15:00:00+00:00,2025-11-10 15:00:00+00:00,154.082,154.144,154.014,154.028,13524,True
2025-11-10 16:00:00+00:00,2025-11-10 16:00:00+00:00,154.027,154.068,153.892,153.997,12941,True
2025-11-10 17:00:00+00:00,2025-11-10 17:00:00+00:00,153.998,154.046,153.924,153.956,9406,True
2025-11-10 18:00:00+00:00,2025-11-10 18:00:00+00:00,153.956,154.021,153.923,153.993,5995,True
2025-11-10 19:00:00+00:00,2025-11-10 19:00:00+00:00,153.992,154.075,153.955,154.052,5795,True
2025-11-10 20:00:00+00:00,2025-11-10 20:00:00+00:00,154.052,154.084,153.999,154.036,6582,True
2025-11-10 21:00:00+00:00,2025-11-10 21:00:00+00:00,154.035,154.172,154.025,154.132,2854,True
2025-11-10 22:00:00+00:00,2025-11-10 22:00:00+00:00,154.062,154.105,154.062,154.072,3863,True
2025-11-10 23:00:00+00:00,2025-11-10 23:00:00+00:00,154.072,154.157,154.053,154.15,2453,True
2025-11-11 00:00:00+00:00,2025-11-11 00:00:00+00:00,154.148,154.316,154.103,154.316,9810,True
2025-11-11 01:00:00+00:00,2025-11-11 01:00:00+00:00,154.315,154.496,154.314,154.325,9693,True
2025-11-11 02:00:00+00:00,2025-11-11 02:00:00+00:00,154.324,154.393,154.258,154.368,5774,True
2025-11-11 03:00:00+00:00,2025-11-11 03:00:00+00:00,154.368,154.368,154.222,154.265,5987,True
2025-11-11 04:00:00+00:00,2025-11-11 04:00:00+00:00,154.264,154.354,154.226,154.302,6014,True
2025-11-11 05:00:00+00:00,2025-11-11 05:00:00+00:00,154.304,154.314,154.086,154.13,9298,True
2025-11-11 06:00:00+00:00,2025-11-11 06:00:00+00:00,154.128,154.268,154.09,154.2,7520,True
2025-11-11 07:00:00+00:00,2025-11-11 07:00:00+00:00,154.2,154.254,154.154,154.194,9529,True
2025-11-11 08:00:00+00:00,2025-11-11 08:00:00+00:00,154.192,154.39,154.169,154.381,9187,True
2025-11-11 09:00:00+00:00,2025-11-11 09:00:00+00:00,154.381,154.443,154.286,154.331,6385,True
2025-11-11 10:00:00+00:00,2025-11-11 10:00:00+00:00,154.334,154.363,154.212,154.246,6633,True
2025-11-11 11:00:00+00:00,2025-11-11 11:00:00+00:00,154.244,154.269,154.218,154.256,6520,True
2025-11-11 12:00:00+00:00,2025-11-11 12:00:00+00:00,154.255,154.271,154.172,154.196,7078,True
2025-11-11 13:00:00+00:00,2025-11-11 13:00:00+00:00,154.197,154.199,153.666,153.778,20129,True
2025-11-11 14:00:00+00:00,2025-11-11 14:00:00+00:00,153.776,154.008,153.702,154.001,13223,True
2025-11-11 15:00:00+00:00,2025-11-11 15:00:00+00:00,154.0,154.134,153.922,153.972,15686,True
2025-11-11 16:00:00+00:00,2025-11-11 16:00:00+00:00,153.971,154.026,153.946,154.006,9973,True
2025-11-11 17:00:00+00:00,2025-11-11 17:00:00+00:00,154.004,154.122,154.0,154.076,6479,True
2025-11-11 18:00:00+00:00,2025-11-11 18:00:00+00:00,154.077,154.147,154.052,154.109,4792,True
2025-11-11 19:00:00+00:00,2025-11-11 19:00:00+00:00,154.11,154.148,154.065,154.122,4765,True
2025-11-11 20:00:00+00:00,2025-11-11 20:00:00+00:00,154.124,154.145,154.084,154.122,5249,True
2025-11-11 21:00:00+00:00,2025-11-11 21:00:00+00:00,154.12,154.178,154.116,154.156,2499,True
2025-11-11 22:00:00+00:00,2025-11-11 22:00:00+00:00,154.13,154.142,154.06,154.07,4879,True
2025-11-11 23:00:00+00:00,2025-11-11 23:00:00+00:00,154.071,154.159,154.069,154.086,2489,True
2025-11-12 00:00:00+00:00,2025-11-12 00:00:00+00:00,154.088,154.304,154.05,154.298,10050,True
2025-11-12 01:00:00+00:00,2025-11-12 01:00:00+00:00,154.299,154.352,154.261,154.323,8368,True
2025-11-12 02:00:00+00:00,2025-11-12 02:00:00+00:00,154.33,154.414,154.314,154.35,5444,True
2025-11-12 03:00:00+00:00,2025-11-12 03:00:00+00:00,154.35,154.381,154.238,154.346,4297,True
2025-11-12 04:00:00+00:00,2025-11-12 04:00:00+00:00,154.347,154.745,154.342,154.738,9105,True
2025-11-12 05:00:00+00:00,2025-11-12 05:00:00+00:00,154.74,154.794,154.566,154.644,10653,True
2025-11-12 06:00:00+00:00,2025-11-12 06:00:00+00:00,154.645,154.758,154.584,154.614,6303,True
2025-11-12 07:00:00+00:00,2025-11-12 07:00:00+00:00,154.612,154.669,154.492,154.622,7976,True
2025-11-12 08:00:00+00:00,2025-11-12 08:00:00+00:00,154.622,154.776,154.618,154.76,12123,True
2025-11-12 09:00:00+00:00,2025-11-12 09:00:00+00:00,154.759,154.91,154.704,154.846,10102,True
2025-11-12 10:00:00+00:00,2025-11-12 10:00:00+00:00,154.846,154.9,154.758,154.866,7007,True
2025-11-12 11:00:00+00:00,2025-11-12 11:00:00+00:00,154.866,154.89,154.806,154.806,6319,True
2025-11-12 12:00:00+00:00,2025-11-12 12:00:00+00:00,154.808,154.836,154.706,154.808,8458,True
2025-11-12 13:00:00+00:00,2025-11-12 13:00:00+00:00,154.807,154.994,154.764,154.944,11292,True
2025-11-12 14:00:00+00:00,2025-11-12 14:00:00+00:00,154.943,155.047,154.86,154.87,15121,True
2025-11-12 15:00:00+00:00,2025-11-12 15:00:00+00:00,154.872,154.926,154.732,154.74,13735,True
2025-11-12 16:00:00+00:00,2025-11-12 16:00:00+00:00,154.742,154.775,154.646,154.648,10039,True
2025-11-12 17:00:00+00:00,2025-11-12 17:00:00+00:00,154.649,154.65,154.498,154.598,8123,True
2025-11-12 18:00:00+00:00,2025-11-12 18:00:00+00:00,154.598,154.689,154.584,154.688,6341,True
2025-11-12 19:00:00+00:00,2025-11-12 19:00:00+00:00,154.688,154.731,154.61,154.718,6805,True
2025-11-12 20:00:00+00:00,2025-11-12 20:00:00+00:00,154.719,154.77,154.694,154.761,4385,True
2025-11-12 21:00:00+00:00,2025-11-12 21:00:00+00:00,154.762,154.87,154.762,154.815,3983,True
2025-11-12 22:00:00+00:00,2025-11-12 22:00:00+00:00,154.773,154.809,154.717,154.72,1666,True
2025-11-12 23:00:00+00:00,2025-11-12 23:00:00+00:00,154.719,154.757,154.693,154.71,3047,True
2025-11-13 00:00:00+00:00,2025-11-13 00:00:00+00:00,154.706,154.96,154.696,154.944,11017,True
2025-11-13 01:00:00+00:00,2025-11-13 01:00:00+00:00,154.944,155.02,154.706,154.736,10308,True
2025-11-13 02:00:00+00:00,2025-11-13 02:00:00+00:00,154.731,154.794,154.626,154.662,8630,True
2025-11-13 03:00:00+00:00,2025-11-13 03:00:00+00:00,154.66,154.764,154.626,154.738,5565,True
2025-11-13 04:00:00+00:00,2025-11-13 04:00:00+00:00,154.739,154.857,154.644,154.822,6540,True
2025-11-13 05:00:00+00:00,2025-11-13 05:00:00+00:00,154.822,155.001,154.813,154.954,6707,True
2025-11-13 06:00:00+00:00,2025-11-13 06:00:00+00:00,154.954,155.009,154.864,154.892,7425,True
2025-11-13 07:00:00+00:00,2025-11-13 07:00:00+00:00,154.894,154.952,154.702,154.718,10921,True
2025-11-13 08:00:00+00:00,2025-11-13 08:00:00+00:00,154.718,154.776,154.514,154.522,13066,True
2025-11-13 09:00:00+00:00,2025-11-13 09:00:00+00:00,154.521,154.588,154.323,154.53,15014,True
2025-11-13 10:00:00+00:00,2025-11-13 10:00:00+00:00,154.53,154.678,154.484,154.657,9356,True
2025-11-13 11:00:00+00:00,2025-11-13 11:00:00+00:00,154.657,154.766,154.641,154.74,9380,True
2025-11-13 12:00:00+00:00,2025-11-13 12:00:00+00:00,154.74,154.754,154.592,154.609,10336,True
2025-11-13 13:00:00+00:00,2025-11-13 13:00:00+00:00,154.61,154.74,154.54,154.65,11653,True
2025-11-13 14:00:00+00:00,2025-11-13 14:00:00+00:00,154.65,154.678,154.388,154.398,17105,True
2025-11-13 15:00:00+00:00,2025-11-13 15:00:00+00:00,154.398,154.541,154.128,154.202,20403,True
2025-11-13 16:00:00+00:00,2025-11-13 16:00:00+00:00,154.202,154.436,154.161,154.399,21004,True
2025-11-13 17:00:00+00:00,2025-11-13 17:00:00+00:00,154.398,154.476,154.239,154.318,14905,True
2025-11-13 18:00:00+00:00,2025-11-13 18:00:00+00:00,154.318,154.442,154.272,154.424,11483,True
2025-11-13 19:00:00+00:00,2025-11-13 19:00:00+00:00,154.424,154.486,154.353,154.472,10219,True
2025-11-13 20:00:00+00:00,2025-11-13 20:00:00+00:00,154.473,154.542,154.46,154.542,11151,True
2025-11-13 21:00:00+00:00,2025-11-13 21:00:00+00:00,154.543,154.588,154.482,154.536,3583,True
2025-11-13 22:00:00+00:00,2025-11-13 22:00:00+00:00,154.499,154.578,154.481,154.537,2475,True
2025-11-13 23:00:00+00:00,2025-11-13 23:00:00+00:00,154.538,154.688,154.527,154.635,3590,True
2025-11-14 00:00:00+00:00,2025-11-14 00:00:00+00:00,154.636,154.744,154.566,154.606,11092,True
2025-11-14 01:00:00+00:00,2025-11-14 01:00:00+00:00,154.607,154.688,154.441,154.508,10695,True
2025-11-14 02:00:00+00:00,2025-11-14 02:00:00+00:00,154.508,154.578,154.44,154.448,6948,True
2025-11-14 03:00:00+00:00,2025-11-14 03:00:00+00:00,154.448,154.575,154.31,154.54,7955,True
2025-11-14 04:00:00+00:00,2025-11-14 04:00:00+00:00,154.54,154.576,154.421,154.422,6288,True
2025-11-14 05:00:00+00:00,2025-11-14 05:00:00+00:00,154.424,154.505,154.368,154.484,8294,True
2025-11-14 06:00:00+00:00,2025-11-14 06:00:00+00:00,154.484,154.662,154.436,154.601,9061,True
2025-11-14 07:00:00+00:00,2025-11-14 07:00:00+00:00,154.602,154.684,154.456,154.68,11979,True
2025-11-14 08:00:00+00:00,2025-11-14 08:00:00+00:00,154.68,154.736,154.456,154.558,17471,True
2025-11-14 09:00:00+00:00,2025-11-14 09:00:00+00:00,154.558,154.704,154.558,154.696,9777,True
2025-11-14 10:00:00+00:00,2025-11-14 10:00:00+00:00,154.696,154.764,154.665,154.748,7690,True
2025-11-14 11:00:00+00:00,2025-11-14 11:00:00+00:00,154.746,154.75,154.631,154.656,9753,True
2025-11-14 12:00:00+00:00,2025-11-14 12:00:00+00:00,154.657,154.662,153.806,153.81,21342,True
2025-11-14 13:00:00+00:00,2025-11-14 13:00:00+00:00,153.81,154.144,153.617,154.089,23350,True
2025-11-14 14:00:00+00:00,2025-11-14 14:00:00+00:00,154.088,154.348,153.982,154.346,26252,True
2025-11-14 15:00:00+00:00,2025-11-14 15:00:00+00:00,154.346,154.497,154.236,154.429,22480,True
2025-11-14 16:00:00+00:00,2025-11-14 16:00:00+00:00,154.428,154.667,154.353,154.642,14819,True
2025-11-14 17:00:00+00:00,2025-11-14 17:00:00+00:00,154.644,154.744,154.616,154.643,11809,True
2025-11-14 18:00:00+00:00,2025-11-14 18:00:00+00:00,154.642,154.664,154.558,154.583,10778,True
2025-11-14 19:00:00+00:00,2025-11-14 19:00:00+00:00,154.582,154.586,154.526,154.559,7251,True
2025-11-14 20:00:00+00:00,2025-11-14 20:00:00+00:00,154.56,154.572,154.502,154.534,3603,True
2025-11-14 21:00:00+00:00,2025-11-14 21:00:00+00:00,154.534,154.602,154.506,154.524,3082,True
2025-11-16 22:00:00+00:00,2025-11-16 22:00:00+00:00,154.575,154.603,154.514,154.534,1724,True
2025-11-16 23:00:00+00:00,2025-11-16 23:00:00+00:00,154.538,154.639,154.448,154.595,5046,True
2025-11-17 00:00:00+00:00,2025-11-17 00:00:00+00:00,154.595,154.66,154.419,154.637,12533,True
2025-11-17 01:00:00+00:00,2025-11-17 01:00:00+00:00,154.638,154.656,154.512,154.578,9509,True
2025-11-17 02:00:00+00:00,2025-11-17 02:00:00+00:00,154.577,154.712,154.574,154.694,6911,True
2025-11-17 03:00:00+00:00,2025-11-17 03:00:00+00:00,154.694,154.788,154.69,154.716,6209,True
2025-11-17 04:00:00+00:00,2025-11-17 04:00:00+00:00,154.718,154.732,154.61,154.631,4106,True
2025-11-17 05:00:00+00:00,2025-11-17 05:00:00+00:00,154.63,154.719,154.592,154.69,6089,True
2025-11-17 06:00:00+00:00,2025-11-17 06:00:00+00:00,154.69,154.814,154.64,154.68,7440,True
2025-11-17 07:00:00+00:00,2025-11-17 07:00:00+00:00,154.682,154.795,154.646,154.694,8203,True
2025-11-17 08:00:00+00:00,2025-11-17 08:00:00+00:00,154.694,154.832,154.628,154.715,12187,True
2025-11-17 09:00:00+00:00,2025-11-17 09:00:00+00:00,154.714,154.789,154.656,154.754,8629,True
2025-11-17 10:00:00+00:00,2025-11-17 10:00:00+00:00,154.755,154.846,154.697,154.844,7000,True
2025-11-17 11:00:00+00:00,2025-11-17 11:00:00+00:00,154.843,154.872,154.77,154.795,6015,True
2025-11-17 12:00:00+00:00,2025-11-17 12:00:00+00:00,154.794,154.874,154.738,154.846,6528,True
2025-11-17 13:00:00+00:00,2025-11-17 13:00:00+00:00,154.847,154.917,154.837,154.89,9093,True
2025-11-17 14:00:00+00:00,2025-11-17 14:00:00+00:00,154.89,155.037,154.866,155.036,11688,True
2025-11-17 15:00:00+00:00,2025-11-17 15:00:00+00:00,155.036,155.31,155.007,155.198,17087,True
2025-11-17 16:00:00+00:00,2025-11-17 16:00:00+00:00,155.197,155.206,155.06,155.203,9920,True
2025-11-17 17:00:00+00:00,2025-11-17 17:00:00+00:00,155.204,155.231,155.14,155.16,7520,True
2025-11-17 18:00:00+00:00,2025-11-17 18:00:00+00:00,155.16,155.21,155.128,155.144,6739,True
2025-11-17 19:00:00+00:00,2025-11-17 19:00:00+00:00,155.144,155.253,155.072,155.246,8506,True
2025-11-17 20:00:00+00:00,2025-11-17 20:00:00+00:00,155.247,155.26,155.166,155.226,7935,True
2025-11-17 21:00:00+00:00,2025-11-17 21:00:00+00:00,155.23,155.271,155.218,155.264,3163,True
2025-11-17 22:00:00+00:00,2025-11-17 22:00:00+00:00,155.239,155.254,155.19,155.2,2067,True
2025-11-17 23:00:00+00:00,2025-11-17 23:00:00+00:00,155.202,155.288,155.18,155.283,3703,True
